__run_id,__done,library,operation,payload,energy_j,energy_pkg_j,energy_dram_j,energy_corrected_j,energy_eff_j_per_kb,execution_time_s,cpu_util_pct,peak_rss_bytes,peak_rss_minus_baseline_bytes,iterations,payload_bytes
run_4_repetition_7,TODO,json,dumps,S0, , , , , , , , , , , 
run_37_repetition_22,TODO,orjson,dumps,S5, , , , , , , , , , , 
run_30_repetition_12,TODO,orjson,dumps,R3, , , , , , , , , , , 
run_31_repetition_1,TODO,orjson,dumps,R4, , , , , , , , , , , 
run_37_repetition_21,TODO,orjson,dumps,S5, , , , , , , , , , , 
run_54_repetition_4,TODO,orjson,loads,S8, , , , , , , , , , , 
run_17_repetition_19,TODO,json,loads,R4, , , , , , , , , , , 
run_32_repetition_2,TODO,orjson,dumps,S0, , , , , , , , , , , 
run_7_repetition_18,TODO,json,dumps,S3, , , , , , , , , , , 
run_32_repetition_5,TODO,orjson,dumps,S0, , , , , , , , , , , 
run_49_repetition_24,TODO,orjson,loads,S3, , , , , , , , , , , 
run_13_repetition_7,TODO,json,dumps,S9, , , , , , , , , , , 
run_43_repetition_13,TODO,orjson,loads,R2, , , , , , , , , , , 
run_50_repetition_3,TODO,orjson,loads,S4, , , , , , , , , , , 
run_49_repetition_14,TODO,orjson,loads,S3, , , , , , , , , , , 
run_40_repetition_9,TODO,orjson,dumps,S8, , , , , , , , , , , 
run_22_repetition_25,TODO,json,loads,S4, , , , , , , , , , , 
run_30_repetition_16,TODO,orjson,dumps,R3, , , , , , , , , , , 
run_26_repetition_13,TODO,json,loads,S8, , , , , , , , , , , 
run_40_repetition_0,TODO,orjson,dumps,S8, , , , , , , , , , , 
run_16_repetition_3,TODO,json,loads,R3, , , , , , , , , , , 
run_47_repetition_29,TODO,orjson,loads,S1, , , , , , , , , , , 
run_47_repetition_13,TODO,orjson,loads,S1, , , , , , , , , , , 
run_48_repetition_13,TODO,orjson,loads,S2, , , , , , , , , , , 
run_55_repetition_20,TODO,orjson,loads,S9, , , , , , , , , , , 
run_47_repetition_16,TODO,orjson,loads,S1, , , , , , , , , , , 
run_8_repetition_13,TODO,json,dumps,S4, , , , , , , , , , , 
run_40_repetition_25,TODO,orjson,dumps,S8, , , , , , , , , , , 
run_20_repetition_11,TODO,json,loads,S2, , , , , , , , , , , 
run_17_repetition_11,TODO,json,loads,R4, , , , , , , , , , , 
run_39_repetition_5,TODO,orjson,dumps,S7, , , , , , , , , , , 
run_43_repetition_28,TODO,orjson,loads,R2, , , , , , , , , , , 
run_8_repetition_4,TODO,json,dumps,S4, , , , , , , , , , , 
run_0_repetition_24,TODO,json,dumps,R1, , , , , , , , , , , 
run_48_repetition_22,TODO,orjson,loads,S2, , , , , , , , , , , 
run_23_repetition_25,TODO,json,loads,S5, , , , , , , , , , , 
run_38_repetition_20,TODO,orjson,dumps,S6, , , , , , , , , , , 
run_46_repetition_29,TODO,orjson,loads,S0, , , , , , , , , , , 
run_54_repetition_29,TODO,orjson,loads,S8, , , , , , , , , , , 
run_46_repetition_1,TODO,orjson,loads,S0, , , , , , , , , , , 
run_55_repetition_8,TODO,orjson,loads,S9, , , , , , , , , , , 
run_27_repetition_7,TODO,json,loads,S9, , , , , , , , , , , 
run_30_repetition_6,TODO,orjson,dumps,R3, , , , , , , , , , , 
run_28_repetition_26,TODO,orjson,dumps,R1, , , , , , , , , , , 
run_34_repetition_13,TODO,orjson,dumps,S2, , , , , , , , , , , 
run_22_repetition_13,TODO,json,loads,S4, , , , , , , , , , , 
run_29_repetition_7,TODO,orjson,dumps,R2, , , , , , , , , , , 
run_2_repetition_25,TODO,json,dumps,R3, , , , , , , , , , , 
run_51_repetition_23,TODO,orjson,loads,S5, , , , , , , , , , , 
run_4_repetition_18,TODO,json,dumps,S0, , , , , , , , , , , 
run_25_repetition_0,TODO,json,loads,S7, , , , , , , , , , , 
run_41_repetition_21,TODO,orjson,dumps,S9, , , , , , , , , , , 
run_24_repetition_13,TODO,json,loads,S6, , , , , , , , , , , 
run_14_repetition_1,TODO,json,loads,R1, , , , , , , , , , , 
run_50_repetition_15,TODO,orjson,loads,S4, , , , , , , , , , , 
run_30_repetition_18,TODO,orjson,dumps,R3, , , , , , , , , , , 
run_21_repetition_7,TODO,json,loads,S3, , , , , , , , , , , 
run_38_repetition_22,TODO,orjson,dumps,S6, , , , , , , , , , , 
run_42_repetition_19,TODO,orjson,loads,R1, , , , , , , , , , , 
run_16_repetition_29,TODO,json,loads,R3, , , , , , , , , , , 
run_9_repetition_5,TODO,json,dumps,S5, , , , , , , , , , , 
run_53_repetition_11,TODO,orjson,loads,S7, , , , , , , , , , , 
run_22_repetition_10,TODO,json,loads,S4, , , , , , , , , , , 
run_20_repetition_0,TODO,json,loads,S2, , , , , , , , , , , 
run_14_repetition_29,TODO,json,loads,R1, , , , , , , , , , , 
run_52_repetition_12,TODO,orjson,loads,S6, , , , , , , , , , , 
run_34_repetition_1,TODO,orjson,dumps,S2, , , , , , , , , , , 
run_31_repetition_20,TODO,orjson,dumps,R4, , , , , , , , , , , 
run_44_repetition_29,TODO,orjson,loads,R3, , , , , , , , , , , 
run_21_repetition_21,TODO,json,loads,S3, , , , , , , , , , , 
run_28_repetition_27,TODO,orjson,dumps,R1, , , , , , , , , , , 
run_41_repetition_20,TODO,orjson,dumps,S9, , , , , , , , , , , 
run_14_repetition_2,TODO,json,loads,R1, , , , , , , , , , , 
run_45_repetition_19,TODO,orjson,loads,R4, , , , , , , , , , , 
run_34_repetition_20,TODO,orjson,dumps,S2, , , , , , , , , , , 
run_1_repetition_4,TODO,json,dumps,R2, , , , , , , , , , , 
run_19_repetition_16,TODO,json,loads,S1, , , , , , , , , , , 
run_51_repetition_17,TODO,orjson,loads,S5, , , , , , , , , , , 
run_5_repetition_1,TODO,json,dumps,S1, , , , , , , , , , , 
run_43_repetition_1,TODO,orjson,loads,R2, , , , , , , , , , , 
run_10_repetition_10,TODO,json,dumps,S6, , , , , , , , , , , 
run_54_repetition_7,TODO,orjson,loads,S8, , , , , , , , , , , 
run_19_repetition_3,TODO,json,loads,S1, , , , , , , , , , , 
run_17_repetition_21,TODO,json,loads,R4, , , , , , , , , , , 
run_36_repetition_11,TODO,orjson,dumps,S4, , , , , , , , , , , 
run_7_repetition_8,TODO,json,dumps,S3, , , , , , , , , , , 
run_2_repetition_6,TODO,json,dumps,R3, , , , , , , , , , , 
run_38_repetition_28,TODO,orjson,dumps,S6, , , , , , , , , , , 
run_6_repetition_15,TODO,json,dumps,S2, , , , , , , , , , , 
run_6_repetition_25,TODO,json,dumps,S2, , , , , , , , , , , 
run_27_repetition_16,TODO,json,loads,S9, , , , , , , , , , , 
run_39_repetition_0,TODO,orjson,dumps,S7, , , , , , , , , , , 
run_49_repetition_23,TODO,orjson,loads,S3, , , , , , , , , , , 
run_20_repetition_16,TODO,json,loads,S2, , , , , , , , , , , 
run_17_repetition_27,TODO,json,loads,R4, , , , , , , , , , , 
run_8_repetition_12,TODO,json,dumps,S4, , , , , , , , , , , 
run_9_repetition_9,TODO,json,dumps,S5, , , , , , , , , , , 
run_1_repetition_25,TODO,json,dumps,R2, , , , , , , , , , , 
run_11_repetition_20,TODO,json,dumps,S7, , , , , , , , , , , 
run_0_repetition_23,TODO,json,dumps,R1, , , , , , , , , , , 
run_41_repetition_24,TODO,orjson,dumps,S9, , , , , , , , , , , 
run_35_repetition_21,TODO,orjson,dumps,S3, , , , , , , , , , , 
run_29_repetition_23,TODO,orjson,dumps,R2, , , , , , , , , , , 
run_30_repetition_17,TODO,orjson,dumps,R3, , , , , , , , , , , 
run_48_repetition_7,TODO,orjson,loads,S2, , , , , , , , , , , 
run_18_repetition_19,TODO,json,loads,S0, , , , , , , , , , , 
run_0_repetition_1,TODO,json,dumps,R1, , , , , , , , , , , 
run_17_repetition_0,TODO,json,loads,R4, , , , , , , , , , , 
run_10_repetition_20,TODO,json,dumps,S6, , , , , , , , , , , 
run_29_repetition_21,TODO,orjson,dumps,R2, , , , , , , , , , , 
run_0_repetition_25,TODO,json,dumps,R1, , , , , , , , , , , 
run_32_repetition_9,TODO,orjson,dumps,S0, , , , , , , , , , , 
run_2_repetition_7,TODO,json,dumps,R3, , , , , , , , , , , 
run_35_repetition_29,TODO,orjson,dumps,S3, , , , , , , , , , , 
run_33_repetition_21,TODO,orjson,dumps,S1, , , , , , , , , , , 
run_12_repetition_5,TODO,json,dumps,S8, , , , , , , , , , , 
run_45_repetition_1,TODO,orjson,loads,R4, , , , , , , , , , , 
run_53_repetition_27,TODO,orjson,loads,S7, , , , , , , , , , , 
run_25_repetition_28,TODO,json,loads,S7, , , , , , , , , , , 
run_2_repetition_17,TODO,json,dumps,R3, , , , , , , , , , , 
run_32_repetition_1,TODO,orjson,dumps,S0, , , , , , , , , , , 
run_27_repetition_18,TODO,json,loads,S9, , , , , , , , , , , 
run_20_repetition_6,TODO,json,loads,S2, , , , , , , , , , , 
run_6_repetition_11,TODO,json,dumps,S2, , , , , , , , , , , 
run_30_repetition_19,TODO,orjson,dumps,R3, , , , , , , , , , , 
run_45_repetition_7,TODO,orjson,loads,R4, , , , , , , , , , , 
run_23_repetition_19,TODO,json,loads,S5, , , , , , , , , , , 
run_42_repetition_4,TODO,orjson,loads,R1, , , , , , , , , , , 
run_34_repetition_6,TODO,orjson,dumps,S2, , , , , , , , , , , 
run_34_repetition_24,TODO,orjson,dumps,S2, , , , , , , , , , , 
run_4_repetition_8,TODO,json,dumps,S0, , , , , , , , , , , 
run_15_repetition_26,TODO,json,loads,R2, , , , , , , , , , , 
run_12_repetition_0,TODO,json,dumps,S8, , , , , , , , , , , 
run_6_repetition_28,TODO,json,dumps,S2, , , , , , , , , , , 
run_13_repetition_20,TODO,json,dumps,S9, , , , , , , , , , , 
run_15_repetition_4,TODO,json,loads,R2, , , , , , , , , , , 
run_14_repetition_20,TODO,json,loads,R1, , , , , , , , , , , 
run_55_repetition_10,TODO,orjson,loads,S9, , , , , , , , , , , 
run_47_repetition_17,TODO,orjson,loads,S1, , , , , , , , , , , 
run_25_repetition_7,TODO,json,loads,S7, , , , , , , , , , , 
run_50_repetition_13,TODO,orjson,loads,S4, , , , , , , , , , , 
run_27_repetition_10,TODO,json,loads,S9, , , , , , , , , , , 
run_20_repetition_29,TODO,json,loads,S2, , , , , , , , , , , 
run_9_repetition_24,TODO,json,dumps,S5, , , , , , , , , , , 
run_12_repetition_3,TODO,json,dumps,S8, , , , , , , , , , , 
run_20_repetition_7,TODO,json,loads,S2, , , , , , , , , , , 
run_24_repetition_19,TODO,json,loads,S6, , , , , , , , , , , 
run_13_repetition_0,TODO,json,dumps,S9, , , , , , , , , , , 
run_40_repetition_15,TODO,orjson,dumps,S8, , , , , , , , , , , 
run_26_repetition_2,TODO,json,loads,S8, , , , , , , , , , , 
run_53_repetition_10,TODO,orjson,loads,S7, , , , , , , , , , , 
run_1_repetition_18,TODO,json,dumps,R2, , , , , , , , , , , 
run_8_repetition_18,TODO,json,dumps,S4, , , , , , , , , , , 
run_38_repetition_21,TODO,orjson,dumps,S6, , , , , , , , , , , 
run_55_repetition_23,TODO,orjson,loads,S9, , , , , , , , , , , 
run_11_repetition_10,TODO,json,dumps,S7, , , , , , , , , , , 
run_49_repetition_29,TODO,orjson,loads,S3, , , , , , , , , , , 
run_54_repetition_11,TODO,orjson,loads,S8, , , , , , , , , , , 
run_11_repetition_7,TODO,json,dumps,S7, , , , , , , , , , , 
run_51_repetition_5,TODO,orjson,loads,S5, , , , , , , , , , , 
run_16_repetition_25,TODO,json,loads,R3, , , , , , , , , , , 
run_9_repetition_26,TODO,json,dumps,S5, , , , , , , , , , , 
run_3_repetition_0,TODO,json,dumps,R4, , , , , , , , , , , 
run_53_repetition_18,TODO,orjson,loads,S7, , , , , , , , , , , 
run_31_repetition_25,TODO,orjson,dumps,R4, , , , , , , , , , , 
run_33_repetition_2,TODO,orjson,dumps,S1, , , , , , , , , , , 
run_27_repetition_1,TODO,json,loads,S9, , , , , , , , , , , 
run_9_repetition_22,TODO,json,dumps,S5, , , , , , , , , , , 
run_12_repetition_26,TODO,json,dumps,S8, , , , , , , , , , , 
run_19_repetition_29,TODO,json,loads,S1, , , , , , , , , , , 
run_39_repetition_1,TODO,orjson,dumps,S7, , , , , , , , , , , 
run_12_repetition_15,TODO,json,dumps,S8, , , , , , , , , , , 
run_51_repetition_20,TODO,orjson,loads,S5, , , , , , , , , , , 
run_23_repetition_6,TODO,json,loads,S5, , , , , , , , , , , 
run_7_repetition_9,TODO,json,dumps,S3, , , , , , , , , , , 
run_44_repetition_3,TODO,orjson,loads,R3, , , , , , , , , , , 
run_45_repetition_25,TODO,orjson,loads,R4, , , , , , , , , , , 
run_30_repetition_29,TODO,orjson,dumps,R3, , , , , , , , , , , 
run_47_repetition_1,TODO,orjson,loads,S1, , , , , , , , , , , 
run_18_repetition_16,TODO,json,loads,S0, , , , , , , , , , , 
run_13_repetition_24,TODO,json,dumps,S9, , , , , , , , , , , 
run_7_repetition_23,TODO,json,dumps,S3, , , , , , , , , , , 
run_51_repetition_2,TODO,orjson,loads,S5, , , , , , , , , , , 
run_20_repetition_22,TODO,json,loads,S2, , , , , , , , , , , 
run_13_repetition_16,TODO,json,dumps,S9, , , , , , , , , , , 
run_51_repetition_18,TODO,orjson,loads,S5, , , , , , , , , , , 
run_27_repetition_6,TODO,json,loads,S9, , , , , , , , , , , 
run_50_repetition_8,TODO,orjson,loads,S4, , , , , , , , , , , 
run_3_repetition_18,TODO,json,dumps,R4, , , , , , , , , , , 
run_53_repetition_26,TODO,orjson,loads,S7, , , , , , , , , , , 
run_11_repetition_23,TODO,json,dumps,S7, , , , , , , , , , , 
run_29_repetition_4,TODO,orjson,dumps,R2, , , , , , , , , , , 
run_42_repetition_20,TODO,orjson,loads,R1, , , , , , , , , , , 
run_12_repetition_8,TODO,json,dumps,S8, , , , , , , , , , , 
run_55_repetition_6,TODO,orjson,loads,S9, , , , , , , , , , , 
run_5_repetition_7,TODO,json,dumps,S1, , , , , , , , , , , 
run_20_repetition_2,TODO,json,loads,S2, , , , , , , , , , , 
run_30_repetition_22,TODO,orjson,dumps,R3, , , , , , , , , , , 
run_25_repetition_14,TODO,json,loads,S7, , , , , , , , , , , 
run_51_repetition_10,TODO,orjson,loads,S5, , , , , , , , , , , 
run_39_repetition_7,TODO,orjson,dumps,S7, , , , , , , , , , , 
run_5_repetition_6,TODO,json,dumps,S1, , , , , , , , , , , 
run_16_repetition_7,TODO,json,loads,R3, , , , , , , , , , , 
run_13_repetition_3,TODO,json,dumps,S9, , , , , , , , , , , 
run_53_repetition_0,TODO,orjson,loads,S7, , , , , , , , , , , 
run_46_repetition_10,TODO,orjson,loads,S0, , , , , , , , , , , 
run_40_repetition_24,TODO,orjson,dumps,S8, , , , , , , , , , , 
run_36_repetition_8,TODO,orjson,dumps,S4, , , , , , , , , , , 
run_18_repetition_1,TODO,json,loads,S0, , , , , , , , , , , 
run_8_repetition_27,TODO,json,dumps,S4, , , , , , , , , , , 
run_44_repetition_7,TODO,orjson,loads,R3, , , , , , , , , , , 
run_13_repetition_9,TODO,json,dumps,S9, , , , , , , , , , , 
run_20_repetition_18,TODO,json,loads,S2, , , , , , , , , , , 
run_19_repetition_9,TODO,json,loads,S1, , , , , , , , , , , 
run_8_repetition_0,TODO,json,dumps,S4, , , , , , , , , , , 
run_6_repetition_20,TODO,json,dumps,S2, , , , , , , , , , , 
run_9_repetition_12,TODO,json,dumps,S5, , , , , , , , , , , 
run_23_repetition_2,TODO,json,loads,S5, , , , , , , , , , , 
run_31_repetition_10,TODO,orjson,dumps,R4, , , , , , , , , , , 
run_13_repetition_11,TODO,json,dumps,S9, , , , , , , , , , , 
run_22_repetition_6,TODO,json,loads,S4, , , , , , , , , , , 
run_48_repetition_17,TODO,orjson,loads,S2, , , , , , , , , , , 
run_34_repetition_17,TODO,orjson,dumps,S2, , , , , , , , , , , 
run_37_repetition_5,TODO,orjson,dumps,S5, , , , , , , , , , , 
run_17_repetition_16,TODO,json,loads,R4, , , , , , , , , , , 
run_49_repetition_28,TODO,orjson,loads,S3, , , , , , , , , , , 
run_53_repetition_3,TODO,orjson,loads,S7, , , , , , , , , , , 
run_33_repetition_6,TODO,orjson,dumps,S1, , , , , , , , , , , 
run_32_repetition_8,TODO,orjson,dumps,S0, , , , , , , , , , , 
run_30_repetition_7,TODO,orjson,dumps,R3, , , , , , , , , , , 
run_25_repetition_23,TODO,json,loads,S7, , , , , , , , , , , 
run_52_repetition_23,TODO,orjson,loads,S6, , , , , , , , , , , 
run_30_repetition_14,TODO,orjson,dumps,R3, , , , , , , , , , , 
run_28_repetition_3,TODO,orjson,dumps,R1, , , , , , , , , , , 
run_46_repetition_17,TODO,orjson,loads,S0, , , , , , , , , , , 
run_2_repetition_28,TODO,json,dumps,R3, , , , , , , , , , , 
run_33_repetition_24,TODO,orjson,dumps,S1, , , , , , , , , , , 
run_6_repetition_23,TODO,json,dumps,S2, , , , , , , , , , , 
run_0_repetition_26,TODO,json,dumps,R1, , , , , , , , , , , 
run_53_repetition_25,TODO,orjson,loads,S7, , , , , , , , , , , 
run_14_repetition_22,TODO,json,loads,R1, , , , , , , , , , , 
run_4_repetition_5,TODO,json,dumps,S0, , , , , , , , , , , 
run_20_repetition_10,TODO,json,loads,S2, , , , , , , , , , , 
run_52_repetition_9,TODO,orjson,loads,S6, , , , , , , , , , , 
run_2_repetition_29,TODO,json,dumps,R3, , , , , , , , , , , 
run_11_repetition_11,TODO,json,dumps,S7, , , , , , , , , , , 
run_24_repetition_29,TODO,json,loads,S6, , , , , , , , , , , 
run_48_repetition_11,TODO,orjson,loads,S2, , , , , , , , , , , 
run_37_repetition_3,TODO,orjson,dumps,S5, , , , , , , , , , , 
run_47_repetition_23,TODO,orjson,loads,S1, , , , , , , , , , , 
run_5_repetition_25,TODO,json,dumps,S1, , , , , , , , , , , 
run_22_repetition_1,TODO,json,loads,S4, , , , , , , , , , , 
run_53_repetition_9,TODO,orjson,loads,S7, , , , , , , , , , , 
run_3_repetition_27,TODO,json,dumps,R4, , , , , , , , , , , 
run_51_repetition_6,TODO,orjson,loads,S5, , , , , , , , , , , 
run_26_repetition_17,TODO,json,loads,S8, , , , , , , , , , , 
run_48_repetition_8,TODO,orjson,loads,S2, , , , , , , , , , , 
run_54_repetition_13,TODO,orjson,loads,S8, , , , , , , , , , , 
run_0_repetition_9,TODO,json,dumps,R1, , , , , , , , , , , 
run_46_repetition_16,TODO,orjson,loads,S0, , , , , , , , , , , 
run_55_repetition_13,TODO,orjson,loads,S9, , , , , , , , , , , 
run_15_repetition_2,TODO,json,loads,R2, , , , , , , , , , , 
run_8_repetition_20,TODO,json,dumps,S4, , , , , , , , , , , 
run_25_repetition_10,TODO,json,loads,S7, , , , , , , , , , , 
run_31_repetition_19,TODO,orjson,dumps,R4, , , , , , , , , , , 
run_13_repetition_28,TODO,json,dumps,S9, , , , , , , , , , , 
run_18_repetition_12,TODO,json,loads,S0, , , , , , , , , , , 
run_20_repetition_26,TODO,json,loads,S2, , , , , , , , , , , 
run_12_repetition_13,TODO,json,dumps,S8, , , , , , , , , , , 
run_23_repetition_17,TODO,json,loads,S5, , , , , , , , , , , 
run_8_repetition_9,TODO,json,dumps,S4, , , , , , , , , , , 
run_5_repetition_4,TODO,json,dumps,S1, , , , , , , , , , , 
run_20_repetition_19,TODO,json,loads,S2, , , , , , , , , , , 
run_17_repetition_18,TODO,json,loads,R4, , , , , , , , , , , 
run_48_repetition_27,TODO,orjson,loads,S2, , , , , , , , , , , 
run_5_repetition_10,TODO,json,dumps,S1, , , , , , , , , , , 
run_50_repetition_28,TODO,orjson,loads,S4, , , , , , , , , , , 
run_13_repetition_4,TODO,json,dumps,S9, , , , , , , , , , , 
run_17_repetition_8,TODO,json,loads,R4, , , , , , , , , , , 
run_46_repetition_0,TODO,orjson,loads,S0, , , , , , , , , , , 
run_18_repetition_10,TODO,json,loads,S0, , , , , , , , , , , 
run_36_repetition_13,TODO,orjson,dumps,S4, , , , , , , , , , , 
run_7_repetition_7,TODO,json,dumps,S3, , , , , , , , , , , 
run_14_repetition_19,TODO,json,loads,R1, , , , , , , , , , , 
run_29_repetition_25,TODO,orjson,dumps,R2, , , , , , , , , , , 
run_49_repetition_6,TODO,orjson,loads,S3, , , , , , , , , , , 
run_53_repetition_28,TODO,orjson,loads,S7, , , , , , , , , , , 
run_9_repetition_2,TODO,json,dumps,S5, , , , , , , , , , , 
run_4_repetition_19,TODO,json,dumps,S0, , , , , , , , , , , 
run_44_repetition_12,TODO,orjson,loads,R3, , , , , , , , , , , 
run_7_repetition_21,TODO,json,dumps,S3, , , , , , , , , , , 
run_9_repetition_14,TODO,json,dumps,S5, , , , , , , , , , , 
run_23_repetition_23,TODO,json,loads,S5, , , , , , , , , , , 
run_1_repetition_10,TODO,json,dumps,R2, , , , , , , , , , , 
run_37_repetition_28,TODO,orjson,dumps,S5, , , , , , , , , , , 
run_5_repetition_24,TODO,json,dumps,S1, , , , , , , , , , , 
run_17_repetition_14,TODO,json,loads,R4, , , , , , , , , , , 
run_29_repetition_5,TODO,orjson,dumps,R2, , , , , , , , , , , 
run_4_repetition_13,TODO,json,dumps,S0, , , , , , , , , , , 
run_11_repetition_4,TODO,json,dumps,S7, , , , , , , , , , , 
run_13_repetition_8,TODO,json,dumps,S9, , , , , , , , , , , 
run_54_repetition_10,TODO,orjson,loads,S8, , , , , , , , , , , 
run_4_repetition_22,TODO,json,dumps,S0, , , , , , , , , , , 
run_5_repetition_8,TODO,json,dumps,S1, , , , , , , , , , , 
run_8_repetition_22,TODO,json,dumps,S4, , , , , , , , , , , 
run_21_repetition_8,TODO,json,loads,S3, , , , , , , , , , , 
run_52_repetition_2,TODO,orjson,loads,S6, , , , , , , , , , , 
run_51_repetition_15,TODO,orjson,loads,S5, , , , , , , , , , , 
run_45_repetition_3,TODO,orjson,loads,R4, , , , , , , , , , , 
run_52_repetition_28,TODO,orjson,loads,S6, , , , , , , , , , , 
run_9_repetition_25,TODO,json,dumps,S5, , , , , , , , , , , 
run_6_repetition_16,TODO,json,dumps,S2, , , , , , , , , , , 
run_14_repetition_7,TODO,json,loads,R1, , , , , , , , , , , 
run_41_repetition_8,TODO,orjson,dumps,S9, , , , , , , , , , , 
run_7_repetition_1,TODO,json,dumps,S3, , , , , , , , , , , 
run_0_repetition_17,TODO,json,dumps,R1, , , , , , , , , , , 
run_33_repetition_16,TODO,orjson,dumps,S1, , , , , , , , , , , 
run_22_repetition_14,TODO,json,loads,S4, , , , , , , , , , , 
run_46_repetition_22,TODO,orjson,loads,S0, , , , , , , , , , , 
run_43_repetition_0,TODO,orjson,loads,R2, , , , , , , , , , , 
run_42_repetition_15,TODO,orjson,loads,R1, , , , , , , , , , , 
run_32_repetition_7,TODO,orjson,dumps,S0, , , , , , , , , , , 
run_53_repetition_14,TODO,orjson,loads,S7, , , , , , , , , , , 
run_6_repetition_18,TODO,json,dumps,S2, , , , , , , , , , , 
run_38_repetition_4,TODO,orjson,dumps,S6, , , , , , , , , , , 
run_39_repetition_26,TODO,orjson,dumps,S7, , , , , , , , , , , 
run_13_repetition_22,TODO,json,dumps,S9, , , , , , , , , , , 
run_5_repetition_23,TODO,json,dumps,S1, , , , , , , , , , , 
run_45_repetition_10,TODO,orjson,loads,R4, , , , , , , , , , , 
run_19_repetition_22,TODO,json,loads,S1, , , , , , , , , , , 
run_39_repetition_25,TODO,orjson,dumps,S7, , , , , , , , , , , 
run_36_repetition_17,TODO,orjson,dumps,S4, , , , , , , , , , , 
run_22_repetition_22,TODO,json,loads,S4, , , , , , , , , , , 
run_8_repetition_2,TODO,json,dumps,S4, , , , , , , , , , , 
run_30_repetition_10,TODO,orjson,dumps,R3, , , , , , , , , , , 
run_47_repetition_8,TODO,orjson,loads,S1, , , , , , , , , , , 
run_1_repetition_14,TODO,json,dumps,R2, , , , , , , , , , , 
run_53_repetition_29,TODO,orjson,loads,S7, , , , , , , , , , , 
run_1_repetition_27,TODO,json,dumps,R2, , , , , , , , , , , 
run_6_repetition_5,TODO,json,dumps,S2, , , , , , , , , , , 
run_5_repetition_16,TODO,json,dumps,S1, , , , , , , , , , , 
run_18_repetition_3,TODO,json,loads,S0, , , , , , , , , , , 
run_33_repetition_17,TODO,orjson,dumps,S1, , , , , , , , , , , 
run_30_repetition_3,TODO,orjson,dumps,R3, , , , , , , , , , , 
run_2_repetition_16,TODO,json,dumps,R3, , , , , , , , , , , 
run_24_repetition_17,TODO,json,loads,S6, , , , , , , , , , , 
run_47_repetition_3,TODO,orjson,loads,S1, , , , , , , , , , , 
run_6_repetition_0,TODO,json,dumps,S2, , , , , , , , , , , 
run_0_repetition_2,TODO,json,dumps,R1, , , , , , , , , , , 
run_45_repetition_4,TODO,orjson,loads,R4, , , , , , , , , , , 
run_31_repetition_3,TODO,orjson,dumps,R4, , , , , , , , , , , 
run_26_repetition_16,TODO,json,loads,S8, , , , , , , , , , , 
run_52_repetition_21,TODO,orjson,loads,S6, , , , , , , , , , , 
run_4_repetition_17,TODO,json,dumps,S0, , , , , , , , , , , 
run_38_repetition_24,TODO,orjson,dumps,S6, , , , , , , , , , , 
run_0_repetition_8,TODO,json,dumps,R1, , , , , , , , , , , 
run_34_repetition_2,TODO,orjson,dumps,S2, , , , , , , , , , , 
run_55_repetition_22,TODO,orjson,loads,S9, , , , , , , , , , , 
run_47_repetition_25,TODO,orjson,loads,S1, , , , , , , , , , , 
run_42_repetition_5,TODO,orjson,loads,R1, , , , , , , , , , , 
run_9_repetition_21,TODO,json,dumps,S5, , , , , , , , , , , 
run_35_repetition_28,TODO,orjson,dumps,S3, , , , , , , , , , , 
run_31_repetition_26,TODO,orjson,dumps,R4, , , , , , , , , , , 
run_19_repetition_13,TODO,json,loads,S1, , , , , , , , , , , 
run_21_repetition_22,TODO,json,loads,S3, , , , , , , , , , , 
run_35_repetition_12,TODO,orjson,dumps,S3, , , , , , , , , , , 
run_16_repetition_14,TODO,json,loads,R3, , , , , , , , , , , 
run_32_repetition_16,TODO,orjson,dumps,S0, , , , , , , , , , , 
run_3_repetition_12,TODO,json,dumps,R4, , , , , , , , , , , 
run_5_repetition_27,TODO,json,dumps,S1, , , , , , , , , , , 
run_34_repetition_7,TODO,orjson,dumps,S2, , , , , , , , , , , 
run_30_repetition_0,TODO,orjson,dumps,R3, , , , , , , , , , , 
run_54_repetition_8,TODO,orjson,loads,S8, , , , , , , , , , , 
run_30_repetition_4,TODO,orjson,dumps,R3, , , , , , , , , , , 
run_22_repetition_16,TODO,json,loads,S4, , , , , , , , , , , 
run_43_repetition_24,TODO,orjson,loads,R2, , , , , , , , , , , 
run_8_repetition_23,TODO,json,dumps,S4, , , , , , , , , , , 
run_8_repetition_1,TODO,json,dumps,S4, , , , , , , , , , , 
run_2_repetition_19,TODO,json,dumps,R3, , , , , , , , , , , 
run_7_repetition_6,TODO,json,dumps,S3, , , , , , , , , , , 
run_52_repetition_3,TODO,orjson,loads,S6, , , , , , , , , , , 
run_14_repetition_9,TODO,json,loads,R1, , , , , , , , , , , 
run_41_repetition_2,TODO,orjson,dumps,S9, , , , , , , , , , , 
run_33_repetition_12,TODO,orjson,dumps,S1, , , , , , , , , , , 
run_42_repetition_7,TODO,orjson,loads,R1, , , , , , , , , , , 
run_7_repetition_17,TODO,json,dumps,S3, , , , , , , , , , , 
run_39_repetition_20,TODO,orjson,dumps,S7, , , , , , , , , , , 
run_42_repetition_2,TODO,orjson,loads,R1, , , , , , , , , , , 
run_46_repetition_12,TODO,orjson,loads,S0, , , , , , , , , , , 
run_41_repetition_22,TODO,orjson,dumps,S9, , , , , , , , , , , 
run_38_repetition_8,TODO,orjson,dumps,S6, , , , , , , , , , , 
run_7_repetition_4,TODO,json,dumps,S3, , , , , , , , , , , 
run_9_repetition_3,TODO,json,dumps,S5, , , , , , , , , , , 
run_37_repetition_15,TODO,orjson,dumps,S5, , , , , , , , , , , 
run_32_repetition_26,TODO,orjson,dumps,S0, , , , , , , , , , , 
run_35_repetition_26,TODO,orjson,dumps,S3, , , , , , , , , , , 
run_13_repetition_13,TODO,json,dumps,S9, , , , , , , , , , , 
run_15_repetition_16,TODO,json,loads,R2, , , , , , , , , , , 
run_25_repetition_20,TODO,json,loads,S7, , , , , , , , , , , 
run_1_repetition_5,TODO,json,dumps,R2, , , , , , , , , , , 
run_43_repetition_22,TODO,orjson,loads,R2, , , , , , , , , , , 
run_50_repetition_1,TODO,orjson,loads,S4, , , , , , , , , , , 
run_34_repetition_3,TODO,orjson,dumps,S2, , , , , , , , , , , 
run_20_repetition_23,TODO,json,loads,S2, , , , , , , , , , , 
run_0_repetition_22,TODO,json,dumps,R1, , , , , , , , , , , 
run_8_repetition_10,TODO,json,dumps,S4, , , , , , , , , , , 
run_40_repetition_14,TODO,orjson,dumps,S8, , , , , , , , , , , 
run_28_repetition_24,TODO,orjson,dumps,R1, , , , , , , , , , , 
run_53_repetition_7,TODO,orjson,loads,S7, , , , , , , , , , , 
run_7_repetition_20,TODO,json,dumps,S3, , , , , , , , , , , 
run_27_repetition_28,TODO,json,loads,S9, , , , , , , , , , , 
run_44_repetition_17,TODO,orjson,loads,R3, , , , , , , , , , , 
run_28_repetition_1,TODO,orjson,dumps,R1, , , , , , , , , , , 
run_23_repetition_18,TODO,json,loads,S5, , , , , , , , , , , 
run_27_repetition_9,TODO,json,loads,S9, , , , , , , , , , , 
run_11_repetition_21,TODO,json,dumps,S7, , , , , , , , , , , 
run_42_repetition_21,TODO,orjson,loads,R1, , , , , , , , , , , 
run_26_repetition_28,TODO,json,loads,S8, , , , , , , , , , , 
run_53_repetition_6,TODO,orjson,loads,S7, , , , , , , , , , , 
run_54_repetition_28,TODO,orjson,loads,S8, , , , , , , , , , , 
run_1_repetition_26,TODO,json,dumps,R2, , , , , , , , , , , 
run_46_repetition_24,TODO,orjson,loads,S0, , , , , , , , , , , 
run_53_repetition_1,TODO,orjson,loads,S7, , , , , , , , , , , 
run_48_repetition_1,TODO,orjson,loads,S2, , , , , , , , , , , 
run_52_repetition_29,TODO,orjson,loads,S6, , , , , , , , , , , 
run_44_repetition_24,TODO,orjson,loads,R3, , , , , , , , , , , 
run_23_repetition_10,TODO,json,loads,S5, , , , , , , , , , , 
run_30_repetition_11,TODO,orjson,dumps,R3, , , , , , , , , , , 
run_5_repetition_29,TODO,json,dumps,S1, , , , , , , , , , , 
run_26_repetition_7,TODO,json,loads,S8, , , , , , , , , , , 
run_48_repetition_2,TODO,orjson,loads,S2, , , , , , , , , , , 
run_32_repetition_19,TODO,orjson,dumps,S0, , , , , , , , , , , 
run_48_repetition_19,TODO,orjson,loads,S2, , , , , , , , , , , 
run_18_repetition_28,TODO,json,loads,S0, , , , , , , , , , , 
run_38_repetition_5,TODO,orjson,dumps,S6, , , , , , , , , , , 
run_42_repetition_6,TODO,orjson,loads,R1, , , , , , , , , , , 
run_4_repetition_4,TODO,json,dumps,S0, , , , , , , , , , , 
run_33_repetition_23,TODO,orjson,dumps,S1, , , , , , , , , , , 
run_24_repetition_9,TODO,json,loads,S6, , , , , , , , , , , 
run_17_repetition_25,TODO,json,loads,R4, , , , , , , , , , , 
run_45_repetition_22,TODO,orjson,loads,R4, , , , , , , , , , , 
run_15_repetition_9,TODO,json,loads,R2, , , , , , , , , , , 
run_34_repetition_19,TODO,orjson,dumps,S2, , , , , , , , , , , 
run_4_repetition_20,TODO,json,dumps,S0, , , , , , , , , , , 
run_28_repetition_2,TODO,orjson,dumps,R1, , , , , , , , , , , 
run_26_repetition_23,TODO,json,loads,S8, , , , , , , , , , , 
run_12_repetition_16,TODO,json,dumps,S8, , , , , , , , , , , 
run_0_repetition_16,TODO,json,dumps,R1, , , , , , , , , , , 
run_46_repetition_27,TODO,orjson,loads,S0, , , , , , , , , , , 
run_26_repetition_26,TODO,json,loads,S8, , , , , , , , , , , 
run_54_repetition_2,TODO,orjson,loads,S8, , , , , , , , , , , 
run_32_repetition_25,TODO,orjson,dumps,S0, , , , , , , , , , , 
run_14_repetition_13,TODO,json,loads,R1, , , , , , , , , , , 
run_10_repetition_23,TODO,json,dumps,S6, , , , , , , , , , , 
run_14_repetition_15,TODO,json,loads,R1, , , , , , , , , , , 
run_20_repetition_5,TODO,json,loads,S2, , , , , , , , , , , 
run_16_repetition_8,TODO,json,loads,R3, , , , , , , , , , , 
run_39_repetition_12,TODO,orjson,dumps,S7, , , , , , , , , , , 
run_42_repetition_11,TODO,orjson,loads,R1, , , , , , , , , , , 
run_33_repetition_26,TODO,orjson,dumps,S1, , , , , , , , , , , 
run_50_repetition_27,TODO,orjson,loads,S4, , , , , , , , , , , 
run_9_repetition_11,TODO,json,dumps,S5, , , , , , , , , , , 
run_39_repetition_2,TODO,orjson,dumps,S7, , , , , , , , , , , 
run_49_repetition_16,TODO,orjson,loads,S3, , , , , , , , , , , 
run_54_repetition_12,TODO,orjson,loads,S8, , , , , , , , , , , 
run_14_repetition_21,TODO,json,loads,R1, , , , , , , , , , , 
run_34_repetition_29,TODO,orjson,dumps,S2, , , , , , , , , , , 
run_32_repetition_17,TODO,orjson,dumps,S0, , , , , , , , , , , 
run_19_repetition_1,TODO,json,loads,S1, , , , , , , , , , , 
run_29_repetition_28,TODO,orjson,dumps,R2, , , , , , , , , , , 
run_46_repetition_4,TODO,orjson,loads,S0, , , , , , , , , , , 
run_33_repetition_5,TODO,orjson,dumps,S1, , , , , , , , , , , 
run_2_repetition_0,TODO,json,dumps,R3, , , , , , , , , , , 
run_9_repetition_1,TODO,json,dumps,S5, , , , , , , , , , , 
run_22_repetition_11,TODO,json,loads,S4, , , , , , , , , , , 
run_1_repetition_1,TODO,json,dumps,R2, , , , , , , , , , , 
run_20_repetition_12,TODO,json,loads,S2, , , , , , , , , , , 
run_3_repetition_6,TODO,json,dumps,R4, , , , , , , , , , , 
run_1_repetition_17,TODO,json,dumps,R2, , , , , , , , , , , 
run_31_repetition_22,TODO,orjson,dumps,R4, , , , , , , , , , , 
run_30_repetition_5,TODO,orjson,dumps,R3, , , , , , , , , , , 
run_25_repetition_1,TODO,json,loads,S7, , , , , , , , , , , 
run_40_repetition_13,TODO,orjson,dumps,S8, , , , , , , , , , , 
run_19_repetition_21,TODO,json,loads,S1, , , , , , , , , , , 
run_12_repetition_21,TODO,json,dumps,S8, , , , , , , , , , , 
run_4_repetition_6,TODO,json,dumps,S0, , , , , , , , , , , 
run_12_repetition_2,TODO,json,dumps,S8, , , , , , , , , , , 
run_47_repetition_12,TODO,orjson,loads,S1, , , , , , , , , , , 
run_7_repetition_22,TODO,json,dumps,S3, , , , , , , , , , , 
run_10_repetition_4,TODO,json,dumps,S6, , , , , , , , , , , 
run_1_repetition_15,TODO,json,dumps,R2, , , , , , , , , , , 
run_36_repetition_14,TODO,orjson,dumps,S4, , , , , , , , , , , 
run_55_repetition_16,TODO,orjson,loads,S9, , , , , , , , , , , 
run_41_repetition_19,TODO,orjson,dumps,S9, , , , , , , , , , , 
run_46_repetition_20,TODO,orjson,loads,S0, , , , , , , , , , , 
run_14_repetition_0,TODO,json,loads,R1, , , , , , , , , , , 
run_16_repetition_24,TODO,json,loads,R3, , , , , , , , , , , 
run_49_repetition_19,TODO,orjson,loads,S3, , , , , , , , , , , 
run_46_repetition_6,TODO,orjson,loads,S0, , , , , , , , , , , 
run_47_repetition_14,TODO,orjson,loads,S1, , , , , , , , , , , 
run_47_repetition_27,TODO,orjson,loads,S1, , , , , , , , , , , 
run_7_repetition_24,TODO,json,dumps,S3, , , , , , , , , , , 
run_12_repetition_6,TODO,json,dumps,S8, , , , , , , , , , , 
run_15_repetition_5,TODO,json,loads,R2, , , , , , , , , , , 
run_37_repetition_9,TODO,orjson,dumps,S5, , , , , , , , , , , 
run_8_repetition_26,TODO,json,dumps,S4, , , , , , , , , , , 
run_27_repetition_15,TODO,json,loads,S9, , , , , , , , , , , 
run_35_repetition_8,TODO,orjson,dumps,S3, , , , , , , , , , , 
run_9_repetition_20,TODO,json,dumps,S5, , , , , , , , , , , 
run_35_repetition_11,TODO,orjson,dumps,S3, , , , , , , , , , , 
run_43_repetition_21,TODO,orjson,loads,R2, , , , , , , , , , , 
run_53_repetition_16,TODO,orjson,loads,S7, , , , , , , , , , , 
run_24_repetition_20,TODO,json,loads,S6, , , , , , , , , , , 
run_23_repetition_22,TODO,json,loads,S5, , , , , , , , , , , 
run_34_repetition_18,TODO,orjson,dumps,S2, , , , , , , , , , , 
run_37_repetition_20,TODO,orjson,dumps,S5, , , , , , , , , , , 
run_19_repetition_12,TODO,json,loads,S1, , , , , , , , , , , 
run_10_repetition_6,TODO,json,dumps,S6, , , , , , , , , , , 
run_41_repetition_11,TODO,orjson,dumps,S9, , , , , , , , , , , 
run_5_repetition_9,TODO,json,dumps,S1, , , , , , , , , , , 
run_55_repetition_24,TODO,orjson,loads,S9, , , , , , , , , , , 
run_36_repetition_20,TODO,orjson,dumps,S4, , , , , , , , , , , 
run_1_repetition_0,TODO,json,dumps,R2, , , , , , , , , , , 
run_5_repetition_15,TODO,json,dumps,S1, , , , , , , , , , , 
run_32_repetition_10,TODO,orjson,dumps,S0, , , , , , , , , , , 
run_16_repetition_26,TODO,json,loads,R3, , , , , , , , , , , 
run_37_repetition_29,TODO,orjson,dumps,S5, , , , , , , , , , , 
run_52_repetition_27,TODO,orjson,loads,S6, , , , , , , , , , , 
run_40_repetition_2,TODO,orjson,dumps,S8, , , , , , , , , , , 
run_37_repetition_8,TODO,orjson,dumps,S5, , , , , , , , , , , 
run_10_repetition_28,TODO,json,dumps,S6, , , , , , , , , , , 
run_3_repetition_22,TODO,json,dumps,R4, , , , , , , , , , , 
run_21_repetition_2,TODO,json,loads,S3, , , , , , , , , , , 
run_24_repetition_18,TODO,json,loads,S6, , , , , , , , , , , 
run_16_repetition_6,TODO,json,loads,R3, , , , , , , , , , , 
run_1_repetition_28,TODO,json,dumps,R2, , , , , , , , , , , 
run_7_repetition_14,TODO,json,dumps,S3, , , , , , , , , , , 
run_30_repetition_15,TODO,orjson,dumps,R3, , , , , , , , , , , 
run_19_repetition_10,TODO,json,loads,S1, , , , , , , , , , , 
run_29_repetition_13,TODO,orjson,dumps,R2, , , , , , , , , , , 
run_45_repetition_11,TODO,orjson,loads,R4, , , , , , , , , , , 
run_9_repetition_6,TODO,json,dumps,S5, , , , , , , , , , , 
run_32_repetition_18,TODO,orjson,dumps,S0, , , , , , , , , , , 
run_5_repetition_14,TODO,json,dumps,S1, , , , , , , , , , , 
run_0_repetition_3,TODO,json,dumps,R1, , , , , , , , , , , 
run_33_repetition_22,TODO,orjson,dumps,S1, , , , , , , , , , , 
run_44_repetition_20,TODO,orjson,loads,R3, , , , , , , , , , , 
run_14_repetition_3,TODO,json,loads,R1, , , , , , , , , , , 
run_45_repetition_16,TODO,orjson,loads,R4, , , , , , , , , , , 
run_53_repetition_20,TODO,orjson,loads,S7, , , , , , , , , , , 
run_26_repetition_18,TODO,json,loads,S8, , , , , , , , , , , 
run_46_repetition_14,TODO,orjson,loads,S0, , , , , , , , , , , 
run_15_repetition_0,TODO,json,loads,R2, , , , , , , , , , , 
run_32_repetition_0,TODO,orjson,dumps,S0, , , , , , , , , , , 
run_46_repetition_11,TODO,orjson,loads,S0, , , , , , , , , , , 
run_33_repetition_1,TODO,orjson,dumps,S1, , , , , , , , , , , 
run_27_repetition_8,TODO,json,loads,S9, , , , , , , , , , , 
run_7_repetition_25,TODO,json,dumps,S3, , , , , , , , , , , 
run_44_repetition_21,TODO,orjson,loads,R3, , , , , , , , , , , 
run_9_repetition_4,TODO,json,dumps,S5, , , , , , , , , , , 
run_24_repetition_6,TODO,json,loads,S6, , , , , , , , , , , 
run_50_repetition_9,TODO,orjson,loads,S4, , , , , , , , , , , 
run_18_repetition_15,TODO,json,loads,S0, , , , , , , , , , , 
run_46_repetition_26,TODO,orjson,loads,S0, , , , , , , , , , , 
run_55_repetition_29,TODO,orjson,loads,S9, , , , , , , , , , , 
run_15_repetition_12,TODO,json,loads,R2, , , , , , , , , , , 
run_33_repetition_28,TODO,orjson,dumps,S1, , , , , , , , , , , 
run_17_repetition_13,TODO,json,loads,R4, , , , , , , , , , , 
run_38_repetition_23,TODO,orjson,dumps,S6, , , , , , , , , , , 
run_36_repetition_12,TODO,orjson,dumps,S4, , , , , , , , , , , 
run_17_repetition_1,TODO,json,loads,R4, , , , , , , , , , , 
run_41_repetition_4,TODO,orjson,dumps,S9, , , , , , , , , , , 
run_34_repetition_15,TODO,orjson,dumps,S2, , , , , , , , , , , 
run_16_repetition_27,TODO,json,loads,R3, , , , , , , , , , , 
run_43_repetition_19,TODO,orjson,loads,R2, , , , , , , , , , , 
run_23_repetition_14,TODO,json,loads,S5, , , , , , , , , , , 
run_41_repetition_3,TODO,orjson,dumps,S9, , , , , , , , , , , 
run_5_repetition_5,TODO,json,dumps,S1, , , , , , , , , , , 
run_42_repetition_27,TODO,orjson,loads,R1, , , , , , , , , , , 
run_25_repetition_17,TODO,json,loads,S7, , , , , , , , , , , 
run_10_repetition_27,TODO,json,dumps,S6, , , , , , , , , , , 
run_18_repetition_5,TODO,json,loads,S0, , , , , , , , , , , 
run_9_repetition_28,TODO,json,dumps,S5, , , , , , , , , , , 
run_3_repetition_23,TODO,json,dumps,R4, , , , , , , , , , , 
run_13_repetition_29,TODO,json,dumps,S9, , , , , , , , , , , 
run_42_repetition_24,TODO,orjson,loads,R1, , , , , , , , , , , 
run_23_repetition_9,TODO,json,loads,S5, , , , , , , , , , , 
run_30_repetition_8,TODO,orjson,dumps,R3, , , , , , , , , , , 
run_28_repetition_6,TODO,orjson,dumps,R1, , , , , , , , , , , 
run_51_repetition_27,TODO,orjson,loads,S5, , , , , , , , , , , 
run_2_repetition_10,TODO,json,dumps,R3, , , , , , , , , , , 
run_10_repetition_8,TODO,json,dumps,S6, , , , , , , , , , , 
run_33_repetition_13,TODO,orjson,dumps,S1, , , , , , , , , , , 
run_16_repetition_16,TODO,json,loads,R3, , , , , , , , , , , 
run_24_repetition_11,TODO,json,loads,S6, , , , , , , , , , , 
run_12_repetition_17,TODO,json,dumps,S8, , , , , , , , , , , 
run_3_repetition_3,TODO,json,dumps,R4, , , , , , , , , , , 
run_21_repetition_16,TODO,json,loads,S3, , , , , , , , , , , 
run_49_repetition_17,TODO,orjson,loads,S3, , , , , , , , , , , 
run_48_repetition_24,TODO,orjson,loads,S2, , , , , , , , , , , 
run_48_repetition_4,TODO,orjson,loads,S2, , , , , , , , , , , 
run_50_repetition_19,TODO,orjson,loads,S4, , , , , , , , , , , 
run_5_repetition_3,TODO,json,dumps,S1, , , , , , , , , , , 
run_23_repetition_26,TODO,json,loads,S5, , , , , , , , , , , 
run_51_repetition_25,TODO,orjson,loads,S5, , , , , , , , , , , 
run_20_repetition_27,TODO,json,loads,S2, , , , , , , , , , , 
run_47_repetition_22,TODO,orjson,loads,S1, , , , , , , , , , , 
run_32_repetition_29,TODO,orjson,dumps,S0, , , , , , , , , , , 
run_18_repetition_7,TODO,json,loads,S0, , , , , , , , , , , 
run_33_repetition_7,TODO,orjson,dumps,S1, , , , , , , , , , , 
run_4_repetition_16,TODO,json,dumps,S0, , , , , , , , , , , 
run_1_repetition_2,TODO,json,dumps,R2, , , , , , , , , , , 
run_23_repetition_7,TODO,json,loads,S5, , , , , , , , , , , 
run_7_repetition_15,TODO,json,dumps,S3, , , , , , , , , , , 
run_4_repetition_14,TODO,json,dumps,S0, , , , , , , , , , , 
run_16_repetition_18,TODO,json,loads,R3, , , , , , , , , , , 
run_22_repetition_26,TODO,json,loads,S4, , , , , , , , , , , 
run_19_repetition_14,TODO,json,loads,S1, , , , , , , , , , , 
run_54_repetition_3,TODO,orjson,loads,S8, , , , , , , , , , , 
run_41_repetition_6,TODO,orjson,dumps,S9, , , , , , , , , , , 
run_50_repetition_22,TODO,orjson,loads,S4, , , , , , , , , , , 
run_13_repetition_2,TODO,json,dumps,S9, , , , , , , , , , , 
run_49_repetition_20,TODO,orjson,loads,S3, , , , , , , , , , , 
run_49_repetition_26,TODO,orjson,loads,S3, , , , , , , , , , , 
run_33_repetition_27,TODO,orjson,dumps,S1, , , , , , , , , , , 
run_0_repetition_29,TODO,json,dumps,R1, , , , , , , , , , , 
run_20_repetition_14,TODO,json,loads,S2, , , , , , , , , , , 
run_26_repetition_0,TODO,json,loads,S8, , , , , , , , , , , 
run_23_repetition_27,TODO,json,loads,S5, , , , , , , , , , , 
run_5_repetition_20,TODO,json,dumps,S1, , , , , , , , , , , 
run_4_repetition_15,TODO,json,dumps,S0, , , , , , , , , , , 
run_11_repetition_27,TODO,json,dumps,S7, , , , , , , , , , , 
run_48_repetition_25,TODO,orjson,loads,S2, , , , , , , , , , , 
run_9_repetition_18,TODO,json,dumps,S5, , , , , , , , , , , 
run_21_repetition_5,TODO,json,loads,S3, , , , , , , , , , , 
run_31_repetition_2,TODO,orjson,dumps,R4, , , , , , , , , , , 
run_17_repetition_15,TODO,json,loads,R4, , , , , , , , , , , 
run_21_repetition_29,TODO,json,loads,S3, , , , , , , , , , , 
run_34_repetition_0,TODO,orjson,dumps,S2, , , , , , , , , , , 
run_1_repetition_7,TODO,json,dumps,R2, , , , , , , , , , , 
run_48_repetition_28,TODO,orjson,loads,S2, , , , , , , , , , , 
run_6_repetition_9,TODO,json,dumps,S2, , , , , , , , , , , 
run_16_repetition_0,TODO,json,loads,R3, , , , , , , , , , , 
run_19_repetition_23,TODO,json,loads,S1, , , , , , , , , , , 
run_14_repetition_27,TODO,json,loads,R1, , , , , , , , , , , 
run_54_repetition_6,TODO,orjson,loads,S8, , , , , , , , , , , 
run_28_repetition_12,TODO,orjson,dumps,R1, , , , , , , , , , , 
run_39_repetition_8,TODO,orjson,dumps,S7, , , , , , , , , , , 
run_45_repetition_27,TODO,orjson,loads,R4, , , , , , , , , , , 
run_4_repetition_2,TODO,json,dumps,S0, , , , , , , , , , , 
run_20_repetition_13,TODO,json,loads,S2, , , , , , , , , , , 
run_16_repetition_22,TODO,json,loads,R3, , , , , , , , , , , 
run_54_repetition_26,TODO,orjson,loads,S8, , , , , , , , , , , 
run_49_repetition_10,TODO,orjson,loads,S3, , , , , , , , , , , 
run_31_repetition_4,TODO,orjson,dumps,R4, , , , , , , , , , , 
run_29_repetition_19,TODO,orjson,dumps,R2, , , , , , , , , , , 
run_27_repetition_12,TODO,json,loads,S9, , , , , , , , , , , 
run_45_repetition_23,TODO,orjson,loads,R4, , , , , , , , , , , 
run_40_repetition_5,TODO,orjson,dumps,S8, , , , , , , , , , , 
run_38_repetition_14,TODO,orjson,dumps,S6, , , , , , , , , , , 
run_4_repetition_23,TODO,json,dumps,S0, , , , , , , , , , , 
run_50_repetition_16,TODO,orjson,loads,S4, , , , , , , , , , , 
run_21_repetition_28,TODO,json,loads,S3, , , , , , , , , , , 
run_51_repetition_28,TODO,orjson,loads,S5, , , , , , , , , , , 
run_49_repetition_5,TODO,orjson,loads,S3, , , , , , , , , , , 
run_22_repetition_18,TODO,json,loads,S4, , , , , , , , , , , 
run_43_repetition_23,TODO,orjson,loads,R2, , , , , , , , , , , 
run_16_repetition_21,TODO,json,loads,R3, , , , , , , , , , , 
run_13_repetition_12,TODO,json,dumps,S9, , , , , , , , , , , 
run_6_repetition_6,TODO,json,dumps,S2, , , , , , , , , , , 
run_50_repetition_25,TODO,orjson,loads,S4, , , , , , , , , , , 
run_26_repetition_21,TODO,json,loads,S8, , , , , , , , , , , 
run_0_repetition_11,TODO,json,dumps,R1, , , , , , , , , , , 
run_16_repetition_1,TODO,json,loads,R3, , , , , , , , , , , 
run_5_repetition_22,TODO,json,dumps,S1, , , , , , , , , , , 
run_43_repetition_27,TODO,orjson,loads,R2, , , , , , , , , , , 
run_22_repetition_21,TODO,json,loads,S4, , , , , , , , , , , 
run_43_repetition_9,TODO,orjson,loads,R2, , , , , , , , , , , 
run_45_repetition_18,TODO,orjson,loads,R4, , , , , , , , , , , 
run_35_repetition_14,TODO,orjson,dumps,S3, , , , , , , , , , , 
run_52_repetition_26,TODO,orjson,loads,S6, , , , , , , , , , , 
run_51_repetition_1,TODO,orjson,loads,S5, , , , , , , , , , , 
run_27_repetition_0,TODO,json,loads,S9, , , , , , , , , , , 
run_25_repetition_2,TODO,json,loads,S7, , , , , , , , , , , 
run_46_repetition_5,TODO,orjson,loads,S0, , , , , , , , , , , 
run_23_repetition_15,TODO,json,loads,S5, , , , , , , , , , , 
run_8_repetition_17,TODO,json,dumps,S4, , , , , , , , , , , 
run_31_repetition_23,TODO,orjson,dumps,R4, , , , , , , , , , , 
run_18_repetition_22,TODO,json,loads,S0, , , , , , , , , , , 
run_54_repetition_20,TODO,orjson,loads,S8, , , , , , , , , , , 
run_6_repetition_22,TODO,json,dumps,S2, , , , , , , , , , , 
run_28_repetition_29,TODO,orjson,dumps,R1, , , , , , , , , , , 
run_7_repetition_28,TODO,json,dumps,S3, , , , , , , , , , , 
run_3_repetition_7,TODO,json,dumps,R4, , , , , , , , , , , 
run_55_repetition_1,TODO,orjson,loads,S9, , , , , , , , , , , 
run_17_repetition_10,TODO,json,loads,R4, , , , , , , , , , , 
run_15_repetition_8,TODO,json,loads,R2, , , , , , , , , , , 
run_9_repetition_16,TODO,json,dumps,S5, , , , , , , , , , , 
run_15_repetition_1,TODO,json,loads,R2, , , , , , , , , , , 
run_42_repetition_0,TODO,orjson,loads,R1, , , , , , , , , , , 
run_33_repetition_20,TODO,orjson,dumps,S1, , , , , , , , , , , 
run_26_repetition_1,TODO,json,loads,S8, , , , , , , , , , , 
run_38_repetition_0,TODO,orjson,dumps,S6, , , , , , , , , , , 
run_23_repetition_5,TODO,json,loads,S5, , , , , , , , , , , 
run_3_repetition_21,TODO,json,dumps,R4, , , , , , , , , , , 
run_40_repetition_29,TODO,orjson,dumps,S8, , , , , , , , , , , 
run_33_repetition_19,TODO,orjson,dumps,S1, , , , , , , , , , , 
run_34_repetition_9,TODO,orjson,dumps,S2, , , , , , , , , , , 
run_42_repetition_14,TODO,orjson,loads,R1, , , , , , , , , , , 
run_35_repetition_18,TODO,orjson,dumps,S3, , , , , , , , , , , 
run_8_repetition_28,TODO,json,dumps,S4, , , , , , , , , , , 
run_24_repetition_8,TODO,json,loads,S6, , , , , , , , , , , 
run_32_repetition_13,TODO,orjson,dumps,S0, , , , , , , , , , , 
run_1_repetition_22,TODO,json,dumps,R2, , , , , , , , , , , 
run_36_repetition_4,TODO,orjson,dumps,S4, , , , , , , , , , , 
run_15_repetition_17,TODO,json,loads,R2, , , , , , , , , , , 
run_55_repetition_12,TODO,orjson,loads,S9, , , , , , , , , , , 
run_14_repetition_12,TODO,json,loads,R1, , , , , , , , , , , 
run_42_repetition_12,TODO,orjson,loads,R1, , , , , , , , , , , 
run_49_repetition_0,TODO,orjson,loads,S3, , , , , , , , , , , 
run_47_repetition_10,TODO,orjson,loads,S1, , , , , , , , , , , 
run_22_repetition_27,TODO,json,loads,S4, , , , , , , , , , , 
run_3_repetition_16,TODO,json,dumps,R4, , , , , , , , , , , 
run_27_repetition_20,TODO,json,loads,S9, , , , , , , , , , , 
run_18_repetition_8,TODO,json,loads,S0, , , , , , , , , , , 
run_1_repetition_24,TODO,json,dumps,R2, , , , , , , , , , , 
run_3_repetition_4,TODO,json,dumps,R4, , , , , , , , , , , 
run_13_repetition_10,TODO,json,dumps,S9, , , , , , , , , , , 
run_45_repetition_29,TODO,orjson,loads,R4, , , , , , , , , , , 
run_54_repetition_19,TODO,orjson,loads,S8, , , , , , , , , , , 
run_6_repetition_29,TODO,json,dumps,S2, , , , , , , , , , , 
run_51_repetition_8,TODO,orjson,loads,S5, , , , , , , , , , , 
run_31_repetition_13,TODO,orjson,dumps,R4, , , , , , , , , , , 
run_55_repetition_4,TODO,orjson,loads,S9, , , , , , , , , , , 
run_23_repetition_8,TODO,json,loads,S5, , , , , , , , , , , 
run_25_repetition_26,TODO,json,loads,S7, , , , , , , , , , , 
run_40_repetition_8,TODO,orjson,dumps,S8, , , , , , , , , , , 
run_9_repetition_0,TODO,json,dumps,S5, , , , , , , , , , , 
run_47_repetition_26,TODO,orjson,loads,S1, , , , , , , , , , , 
run_20_repetition_24,TODO,json,loads,S2, , , , , , , , , , , 
run_14_repetition_5,TODO,json,loads,R1, , , , , , , , , , , 
run_51_repetition_4,TODO,orjson,loads,S5, , , , , , , , , , , 
run_33_repetition_11,TODO,orjson,dumps,S1, , , , , , , , , , , 
run_47_repetition_11,TODO,orjson,loads,S1, , , , , , , , , , , 
run_36_repetition_2,TODO,orjson,dumps,S4, , , , , , , , , , , 
run_31_repetition_24,TODO,orjson,dumps,R4, , , , , , , , , , , 
run_28_repetition_23,TODO,orjson,dumps,R1, , , , , , , , , , , 
run_19_repetition_28,TODO,json,loads,S1, , , , , , , , , , , 
run_28_repetition_15,TODO,orjson,dumps,R1, , , , , , , , , , , 
run_6_repetition_14,TODO,json,dumps,S2, , , , , , , , , , , 
run_45_repetition_14,TODO,orjson,loads,R4, , , , , , , , , , , 
run_40_repetition_3,TODO,orjson,dumps,S8, , , , , , , , , , , 
run_8_repetition_3,TODO,json,dumps,S4, , , , , , , , , , , 
run_27_repetition_23,TODO,json,loads,S9, , , , , , , , , , , 
run_51_repetition_24,TODO,orjson,loads,S5, , , , , , , , , , , 
run_22_repetition_29,TODO,json,loads,S4, , , , , , , , , , , 
run_6_repetition_17,TODO,json,dumps,S2, , , , , , , , , , , 
run_23_repetition_12,TODO,json,loads,S5, , , , , , , , , , , 
run_27_repetition_14,TODO,json,loads,S9, , , , , , , , , , , 
run_39_repetition_24,TODO,orjson,dumps,S7, , , , , , , , , , , 
run_14_repetition_18,TODO,json,loads,R1, , , , , , , , , , , 
run_53_repetition_22,TODO,orjson,loads,S7, , , , , , , , , , , 
run_27_repetition_29,TODO,json,loads,S9, , , , , , , , , , , 
run_5_repetition_26,TODO,json,dumps,S1, , , , , , , , , , , 
run_47_repetition_15,TODO,orjson,loads,S1, , , , , , , , , , , 
run_37_repetition_1,TODO,orjson,dumps,S5, , , , , , , , , , , 
run_45_repetition_8,TODO,orjson,loads,R4, , , , , , , , , , , 
run_26_repetition_15,TODO,json,loads,S8, , , , , , , , , , , 
run_36_repetition_29,TODO,orjson,dumps,S4, , , , , , , , , , , 
run_3_repetition_8,TODO,json,dumps,R4, , , , , , , , , , , 
run_15_repetition_18,TODO,json,loads,R2, , , , , , , , , , , 
run_17_repetition_20,TODO,json,loads,R4, , , , , , , , , , , 
run_36_repetition_27,TODO,orjson,dumps,S4, , , , , , , , , , , 
run_52_repetition_22,TODO,orjson,loads,S6, , , , , , , , , , , 
run_18_repetition_14,TODO,json,loads,S0, , , , , , , , , , , 
run_35_repetition_6,TODO,orjson,dumps,S3, , , , , , , , , , , 
run_22_repetition_8,TODO,json,loads,S4, , , , , , , , , , , 
run_41_repetition_7,TODO,orjson,dumps,S9, , , , , , , , , , , 
run_10_repetition_13,TODO,json,dumps,S6, , , , , , , , , , , 
run_8_repetition_14,TODO,json,dumps,S4, , , , , , , , , , , 
run_28_repetition_28,TODO,orjson,dumps,R1, , , , , , , , , , , 
run_50_repetition_2,TODO,orjson,loads,S4, , , , , , , , , , , 
run_45_repetition_6,TODO,orjson,loads,R4, , , , , , , , , , , 
run_25_repetition_25,TODO,json,loads,S7, , , , , , , , , , , 
run_2_repetition_9,TODO,json,dumps,R3, , , , , , , , , , , 
run_38_repetition_16,TODO,orjson,dumps,S6, , , , , , , , , , , 
run_36_repetition_22,TODO,orjson,dumps,S4, , , , , , , , , , , 
run_55_repetition_15,TODO,orjson,loads,S9, , , , , , , , , , , 
run_23_repetition_29,TODO,json,loads,S5, , , , , , , , , , , 
run_36_repetition_3,TODO,orjson,dumps,S4, , , , , , , , , , , 
run_12_repetition_24,TODO,json,dumps,S8, , , , , , , , , , , 
run_37_repetition_24,TODO,orjson,dumps,S5, , , , , , , , , , , 
run_40_repetition_7,TODO,orjson,dumps,S8, , , , , , , , , , , 
run_15_repetition_25,TODO,json,loads,R2, , , , , , , , , , , 
run_27_repetition_3,TODO,json,loads,S9, , , , , , , , , , , 
run_1_repetition_23,TODO,json,dumps,R2, , , , , , , , , , , 
run_55_repetition_2,TODO,orjson,loads,S9, , , , , , , , , , , 
run_39_repetition_17,TODO,orjson,dumps,S7, , , , , , , , , , , 
run_46_repetition_13,TODO,orjson,loads,S0, , , , , , , , , , , 
run_0_repetition_6,TODO,json,dumps,R1, , , , , , , , , , , 
run_11_repetition_16,TODO,json,dumps,S7, , , , , , , , , , , 
run_43_repetition_12,TODO,orjson,loads,R2, , , , , , , , , , , 
run_47_repetition_28,TODO,orjson,loads,S1, , , , , , , , , , , 
run_40_repetition_10,TODO,orjson,dumps,S8, , , , , , , , , , , 
run_22_repetition_19,TODO,json,loads,S4, , , , , , , , , , , 
run_40_repetition_1,TODO,orjson,dumps,S8, , , , , , , , , , , 
run_3_repetition_1,TODO,json,dumps,R4, , , , , , , , , , , 
run_7_repetition_0,TODO,json,dumps,S3, , , , , , , , , , , 
run_27_repetition_17,TODO,json,loads,S9, , , , , , , , , , , 
run_16_repetition_28,TODO,json,loads,R3, , , , , , , , , , , 
run_10_repetition_16,TODO,json,dumps,S6, , , , , , , , , , , 
run_31_repetition_21,TODO,orjson,dumps,R4, , , , , , , , , , , 
run_21_repetition_24,TODO,json,loads,S3, , , , , , , , , , , 
run_0_repetition_27,TODO,json,dumps,R1, , , , , , , , , , , 
run_46_repetition_2,TODO,orjson,loads,S0, , , , , , , , , , , 
run_24_repetition_7,TODO,json,loads,S6, , , , , , , , , , , 
run_37_repetition_13,TODO,orjson,dumps,S5, , , , , , , , , , , 
run_48_repetition_14,TODO,orjson,loads,S2, , , , , , , , , , , 
run_32_repetition_21,TODO,orjson,dumps,S0, , , , , , , , , , , 
run_38_repetition_1,TODO,orjson,dumps,S6, , , , , , , , , , , 
run_51_repetition_9,TODO,orjson,loads,S5, , , , , , , , , , , 
run_35_repetition_15,TODO,orjson,dumps,S3, , , , , , , , , , , 
run_33_repetition_25,TODO,orjson,dumps,S1, , , , , , , , , , , 
run_29_repetition_29,TODO,orjson,dumps,R2, , , , , , , , , , , 
run_27_repetition_5,TODO,json,loads,S9, , , , , , , , , , , 
run_19_repetition_27,TODO,json,loads,S1, , , , , , , , , , , 
run_55_repetition_9,TODO,orjson,loads,S9, , , , , , , , , , , 
run_14_repetition_28,TODO,json,loads,R1, , , , , , , , , , , 
run_21_repetition_11,TODO,json,loads,S3, , , , , , , , , , , 
run_40_repetition_11,TODO,orjson,dumps,S8, , , , , , , , , , , 
run_34_repetition_25,TODO,orjson,dumps,S2, , , , , , , , , , , 
run_45_repetition_2,TODO,orjson,loads,R4, , , , , , , , , , , 
run_24_repetition_12,TODO,json,loads,S6, , , , , , , , , , , 
run_26_repetition_24,TODO,json,loads,S8, , , , , , , , , , , 
run_41_repetition_13,TODO,orjson,dumps,S9, , , , , , , , , , , 
run_54_repetition_0,TODO,orjson,loads,S8, , , , , , , , , , , 
run_2_repetition_27,TODO,json,dumps,R3, , , , , , , , , , , 
run_23_repetition_3,TODO,json,loads,S5, , , , , , , , , , , 
run_24_repetition_22,TODO,json,loads,S6, , , , , , , , , , , 
run_11_repetition_28,TODO,json,dumps,S7, , , , , , , , , , , 
run_9_repetition_27,TODO,json,dumps,S5, , , , , , , , , , , 
run_29_repetition_6,TODO,orjson,dumps,R2, , , , , , , , , , , 
run_6_repetition_27,TODO,json,dumps,S2, , , , , , , , , , , 
run_49_repetition_9,TODO,orjson,loads,S3, , , , , , , , , , , 
run_49_repetition_4,TODO,orjson,loads,S3, , , , , , , , , , , 
run_26_repetition_25,TODO,json,loads,S8, , , , , , , , , , , 
run_51_repetition_21,TODO,orjson,loads,S5, , , , , , , , , , , 
run_16_repetition_19,TODO,json,loads,R3, , , , , , , , , , , 
run_41_repetition_27,TODO,orjson,dumps,S9, , , , , , , , , , , 
run_24_repetition_14,TODO,json,loads,S6, , , , , , , , , , , 
run_7_repetition_5,TODO,json,dumps,S3, , , , , , , , , , , 
run_35_repetition_0,TODO,orjson,dumps,S3, , , , , , , , , , , 
run_10_repetition_12,TODO,json,dumps,S6, , , , , , , , , , , 
run_20_repetition_20,TODO,json,loads,S2, , , , , , , , , , , 
run_6_repetition_1,TODO,json,dumps,S2, , , , , , , , , , , 
run_26_repetition_10,TODO,json,loads,S8, , , , , , , , , , , 
run_0_repetition_12,TODO,json,dumps,R1, , , , , , , , , , , 
run_36_repetition_18,TODO,orjson,dumps,S4, , , , , , , , , , , 
run_22_repetition_24,TODO,json,loads,S4, , , , , , , , , , , 
run_45_repetition_28,TODO,orjson,loads,R4, , , , , , , , , , , 
run_22_repetition_2,TODO,json,loads,S4, , , , , , , , , , , 
run_35_repetition_2,TODO,orjson,dumps,S3, , , , , , , , , , , 
run_18_repetition_13,TODO,json,loads,S0, , , , , , , , , , , 
run_11_repetition_29,TODO,json,dumps,S7, , , , , , , , , , , 
run_29_repetition_27,TODO,orjson,dumps,R2, , , , , , , , , , , 
run_30_repetition_21,TODO,orjson,dumps,R3, , , , , , , , , , , 
run_20_repetition_17,TODO,json,loads,S2, , , , , , , , , , , 
run_43_repetition_2,TODO,orjson,loads,R2, , , , , , , , , , , 
run_30_repetition_24,TODO,orjson,dumps,R3, , , , , , , , , , , 
run_48_repetition_9,TODO,orjson,loads,S2, , , , , , , , , , , 
run_17_repetition_28,TODO,json,loads,R4, , , , , , , , , , , 
run_54_repetition_27,TODO,orjson,loads,S8, , , , , , , , , , , 
run_35_repetition_16,TODO,orjson,dumps,S3, , , , , , , , , , , 
run_9_repetition_7,TODO,json,dumps,S5, , , , , , , , , , , 
run_50_repetition_11,TODO,orjson,loads,S4, , , , , , , , , , , 
run_36_repetition_6,TODO,orjson,dumps,S4, , , , , , , , , , , 
run_53_repetition_5,TODO,orjson,loads,S7, , , , , , , , , , , 
run_32_repetition_28,TODO,orjson,dumps,S0, , , , , , , , , , , 
run_22_repetition_12,TODO,json,loads,S4, , , , , , , , , , , 
run_31_repetition_27,TODO,orjson,dumps,R4, , , , , , , , , , , 
run_27_repetition_2,TODO,json,loads,S9, , , , , , , , , , , 
run_23_repetition_16,TODO,json,loads,S5, , , , , , , , , , , 
run_5_repetition_13,TODO,json,dumps,S1, , , , , , , , , , , 
run_10_repetition_14,TODO,json,dumps,S6, , , , , , , , , , , 
run_30_repetition_26,TODO,orjson,dumps,R3, , , , , , , , , , , 
run_41_repetition_15,TODO,orjson,dumps,S9, , , , , , , , , , , 
run_26_repetition_14,TODO,json,loads,S8, , , , , , , , , , , 
run_48_repetition_3,TODO,orjson,loads,S2, , , , , , , , , , , 
run_30_repetition_23,TODO,orjson,dumps,R3, , , , , , , , , , , 
run_17_repetition_2,TODO,json,loads,R4, , , , , , , , , , , 
run_3_repetition_19,TODO,json,dumps,R4, , , , , , , , , , , 
run_36_repetition_15,TODO,orjson,dumps,S4, , , , , , , , , , , 
run_16_repetition_9,TODO,json,loads,R3, , , , , , , , , , , 
run_6_repetition_24,TODO,json,dumps,S2, , , , , , , , , , , 
run_45_repetition_20,TODO,orjson,loads,R4, , , , , , , , , , , 
run_22_repetition_4,TODO,json,loads,S4, , , , , , , , , , , 
run_0_repetition_18,TODO,json,dumps,R1, , , , , , , , , , , 
run_29_repetition_0,TODO,orjson,dumps,R2, , , , , , , , , , , 
run_27_repetition_26,TODO,json,loads,S9, , , , , , , , , , , 
run_7_repetition_11,TODO,json,dumps,S3, , , , , , , , , , , 
run_52_repetition_1,TODO,orjson,loads,S6, , , , , , , , , , , 
run_17_repetition_23,TODO,json,loads,R4, , , , , , , , , , , 
run_0_repetition_7,TODO,json,dumps,R1, , , , , , , , , , , 
run_27_repetition_27,TODO,json,loads,S9, , , , , , , , , , , 
run_29_repetition_9,TODO,orjson,dumps,R2, , , , , , , , , , , 
run_55_repetition_21,TODO,orjson,loads,S9, , , , , , , , , , , 
run_52_repetition_15,TODO,orjson,loads,S6, , , , , , , , , , , 
run_39_repetition_4,TODO,orjson,dumps,S7, , , , , , , , , , , 
run_49_repetition_13,TODO,orjson,loads,S3, , , , , , , , , , , 
run_10_repetition_3,TODO,json,dumps,S6, , , , , , , , , , , 
run_36_repetition_25,TODO,orjson,dumps,S4, , , , , , , , , , , 
run_44_repetition_15,TODO,orjson,loads,R3, , , , , , , , , , , 
run_15_repetition_10,TODO,json,loads,R2, , , , , , , , , , , 
run_23_repetition_1,TODO,json,loads,S5, , , , , , , , , , , 
run_46_repetition_28,TODO,orjson,loads,S0, , , , , , , , , , , 
run_32_repetition_6,TODO,orjson,dumps,S0, , , , , , , , , , , 
run_11_repetition_6,TODO,json,dumps,S7, , , , , , , , , , , 
run_38_repetition_18,TODO,orjson,dumps,S6, , , , , , , , , , , 
run_21_repetition_17,TODO,json,loads,S3, , , , , , , , , , , 
run_17_repetition_17,TODO,json,loads,R4, , , , , , , , , , , 
run_31_repetition_28,TODO,orjson,dumps,R4, , , , , , , , , , , 
run_50_repetition_10,TODO,orjson,loads,S4, , , , , , , , , , , 
run_45_repetition_17,TODO,orjson,loads,R4, , , , , , , , , , , 
run_10_repetition_22,TODO,json,dumps,S6, , , , , , , , , , , 
run_33_repetition_15,TODO,orjson,dumps,S1, , , , , , , , , , , 
run_19_repetition_25,TODO,json,loads,S1, , , , , , , , , , , 
run_15_repetition_11,TODO,json,loads,R2, , , , , , , , , , , 
run_46_repetition_8,TODO,orjson,loads,S0, , , , , , , , , , , 
run_25_repetition_5,TODO,json,loads,S7, , , , , , , , , , , 
run_38_repetition_15,TODO,orjson,dumps,S6, , , , , , , , , , , 
run_50_repetition_24,TODO,orjson,loads,S4, , , , , , , , , , , 
run_5_repetition_19,TODO,json,dumps,S1, , , , , , , , , , , 
run_26_repetition_12,TODO,json,loads,S8, , , , , , , , , , , 
run_17_repetition_9,TODO,json,loads,R4, , , , , , , , , , , 
run_5_repetition_12,TODO,json,dumps,S1, , , , , , , , , , , 
run_26_repetition_19,TODO,json,loads,S8, , , , , , , , , , , 
run_11_repetition_13,TODO,json,dumps,S7, , , , , , , , , , , 
run_15_repetition_13,TODO,json,loads,R2, , , , , , , , , , , 
run_10_repetition_1,TODO,json,dumps,S6, , , , , , , , , , , 
run_32_repetition_24,TODO,orjson,dumps,S0, , , , , , , , , , , 
run_28_repetition_7,TODO,orjson,dumps,R1, , , , , , , , , , , 
run_50_repetition_14,TODO,orjson,loads,S4, , , , , , , , , , , 
run_19_repetition_24,TODO,json,loads,S1, , , , , , , , , , , 
run_29_repetition_26,TODO,orjson,dumps,R2, , , , , , , , , , , 
run_55_repetition_3,TODO,orjson,loads,S9, , , , , , , , , , , 
run_31_repetition_5,TODO,orjson,dumps,R4, , , , , , , , , , , 
run_34_repetition_27,TODO,orjson,dumps,S2, , , , , , , , , , , 
run_21_repetition_13,TODO,json,loads,S3, , , , , , , , , , , 
run_48_repetition_26,TODO,orjson,loads,S2, , , , , , , , , , , 
run_46_repetition_23,TODO,orjson,loads,S0, , , , , , , , , , , 
run_0_repetition_5,TODO,json,dumps,R1, , , , , , , , , , , 
run_40_repetition_6,TODO,orjson,dumps,S8, , , , , , , , , , , 
run_35_repetition_3,TODO,orjson,dumps,S3, , , , , , , , , , , 
run_28_repetition_25,TODO,orjson,dumps,R1, , , , , , , , , , , 
run_45_repetition_13,TODO,orjson,loads,R4, , , , , , , , , , , 
run_16_repetition_15,TODO,json,loads,R3, , , , , , , , , , , 
run_40_repetition_20,TODO,orjson,dumps,S8, , , , , , , , , , , 
run_13_repetition_27,TODO,json,dumps,S9, , , , , , , , , , , 
run_44_repetition_14,TODO,orjson,loads,R3, , , , , , , , , , , 
run_44_repetition_8,TODO,orjson,loads,R3, , , , , , , , , , , 
run_22_repetition_0,TODO,json,loads,S4, , , , , , , , , , , 
run_41_repetition_17,TODO,orjson,dumps,S9, , , , , , , , , , , 
run_53_repetition_8,TODO,orjson,loads,S7, , , , , , , , , , , 
run_43_repetition_11,TODO,orjson,loads,R2, , , , , , , , , , , 
run_1_repetition_21,TODO,json,dumps,R2, , , , , , , , , , , 
run_15_repetition_22,TODO,json,loads,R2, , , , , , , , , , , 
run_19_repetition_15,TODO,json,loads,S1, , , , , , , , , , , 
run_54_repetition_5,TODO,orjson,loads,S8, , , , , , , , , , , 
run_12_repetition_19,TODO,json,dumps,S8, , , , , , , , , , , 
run_52_repetition_8,TODO,orjson,loads,S6, , , , , , , , , , , 
run_11_repetition_19,TODO,json,dumps,S7, , , , , , , , , , , 
run_33_repetition_29,TODO,orjson,dumps,S1, , , , , , , , , , , 
run_46_repetition_25,TODO,orjson,loads,S0, , , , , , , , , , , 
run_45_repetition_5,TODO,orjson,loads,R4, , , , , , , , , , , 
run_20_repetition_25,TODO,json,loads,S2, , , , , , , , , , , 
run_15_repetition_6,TODO,json,loads,R2, , , , , , , , , , , 
run_7_repetition_29,TODO,json,dumps,S3, , , , , , , , , , , 
run_6_repetition_12,TODO,json,dumps,S2, , , , , , , , , , , 
run_8_repetition_19,TODO,json,dumps,S4, , , , , , , , , , , 
run_34_repetition_8,TODO,orjson,dumps,S2, , , , , , , , , , , 
run_36_repetition_16,TODO,orjson,dumps,S4, , , , , , , , , , , 
run_14_repetition_17,TODO,json,loads,R1, , , , , , , , , , , 
run_12_repetition_4,TODO,json,dumps,S8, , , , , , , , , , , 
run_21_repetition_9,TODO,json,loads,S3, , , , , , , , , , , 
run_23_repetition_13,TODO,json,loads,S5, , , , , , , , , , , 
run_3_repetition_10,TODO,json,dumps,R4, , , , , , , , , , , 
run_21_repetition_3,TODO,json,loads,S3, , , , , , , , , , , 
run_45_repetition_0,TODO,orjson,loads,R4, , , , , , , , , , , 
run_41_repetition_18,TODO,orjson,dumps,S9, , , , , , , , , , , 
run_39_repetition_29,TODO,orjson,dumps,S7, , , , , , , , , , , 
run_14_repetition_26,TODO,json,loads,R1, , , , , , , , , , , 
run_1_repetition_29,TODO,json,dumps,R2, , , , , , , , , , , 
run_54_repetition_1,TODO,orjson,loads,S8, , , , , , , , , , , 
run_24_repetition_2,TODO,json,loads,S6, , , , , , , , , , , 
run_12_repetition_10,TODO,json,dumps,S8, , , , , , , , , , , 
run_4_repetition_24,TODO,json,dumps,S0, , , , , , , , , , , 
run_45_repetition_21,TODO,orjson,loads,R4, , , , , , , , , , , 
run_54_repetition_25,TODO,orjson,loads,S8, , , , , , , , , , , 
run_23_repetition_20,TODO,json,loads,S5, , , , , , , , , , , 
run_35_repetition_7,TODO,orjson,dumps,S3, , , , , , , , , , , 
run_21_repetition_10,TODO,json,loads,S3, , , , , , , , , , , 
run_30_repetition_1,TODO,orjson,dumps,R3, , , , , , , , , , , 
run_13_repetition_19,TODO,json,dumps,S9, , , , , , , , , , , 
run_50_repetition_12,TODO,orjson,loads,S4, , , , , , , , , , , 
run_6_repetition_3,TODO,json,dumps,S2, , , , , , , , , , , 
run_39_repetition_27,TODO,orjson,dumps,S7, , , , , , , , , , , 
run_4_repetition_11,TODO,json,dumps,S0, , , , , , , , , , , 
run_43_repetition_3,TODO,orjson,loads,R2, , , , , , , , , , , 
run_26_repetition_8,TODO,json,loads,S8, , , , , , , , , , , 
run_13_repetition_17,TODO,json,dumps,S9, , , , , , , , , , , 
run_11_repetition_24,TODO,json,dumps,S7, , , , , , , , , , , 
run_43_repetition_17,TODO,orjson,loads,R2, , , , , , , , , , , 
run_1_repetition_6,TODO,json,dumps,R2, , , , , , , , , , , 
run_47_repetition_2,TODO,orjson,loads,S1, , , , , , , , , , , 
run_41_repetition_1,TODO,orjson,dumps,S9, , , , , , , , , , , 
run_54_repetition_17,TODO,orjson,loads,S8, , , , , , , , , , , 
run_11_repetition_0,TODO,json,dumps,S7, , , , , , , , , , , 
run_3_repetition_14,TODO,json,dumps,R4, , , , , , , , , , , 
run_47_repetition_9,TODO,orjson,loads,S1, , , , , , , , , , , 
run_21_repetition_23,TODO,json,loads,S3, , , , , , , , , , , 
run_37_repetition_12,TODO,orjson,dumps,S5, , , , , , , , , , , 
run_9_repetition_10,TODO,json,dumps,S5, , , , , , , , , , , 
run_24_repetition_1,TODO,json,loads,S6, , , , , , , , , , , 
run_28_repetition_13,TODO,orjson,dumps,R1, , , , , , , , , , , 
run_7_repetition_10,TODO,json,dumps,S3, , , , , , , , , , , 
run_3_repetition_29,TODO,json,dumps,R4, , , , , , , , , , , 
run_36_repetition_7,TODO,orjson,dumps,S4, , , , , , , , , , , 
run_36_repetition_0,TODO,orjson,dumps,S4, , , , , , , , , , , 
run_5_repetition_21,TODO,json,dumps,S1, , , , , , , , , , , 
run_44_repetition_27,TODO,orjson,loads,R3, , , , , , , , , , , 
run_3_repetition_24,TODO,json,dumps,R4, , , , , , , , , , , 
run_19_repetition_19,TODO,json,loads,S1, , , , , , , , , , , 
run_10_repetition_21,TODO,json,dumps,S6, , , , , , , , , , , 
run_24_repetition_0,TODO,json,loads,S6, , , , , , , , , , , 
run_21_repetition_12,TODO,json,loads,S3, , , , , , , , , , , 
run_37_repetition_17,TODO,orjson,dumps,S5, , , , , , , , , , , 
run_49_repetition_25,TODO,orjson,loads,S3, , , , , , , , , , , 
run_9_repetition_15,TODO,json,dumps,S5, , , , , , , , , , , 
run_12_repetition_12,TODO,json,dumps,S8, , , , , , , , , , , 
run_43_repetition_4,TODO,orjson,loads,R2, , , , , , , , , , , 
run_12_repetition_9,TODO,json,dumps,S8, , , , , , , , , , , 
run_42_repetition_9,TODO,orjson,loads,R1, , , , , , , , , , , 
run_21_repetition_0,TODO,json,loads,S3, , , , , , , , , , , 
run_18_repetition_6,TODO,json,loads,S0, , , , , , , , , , , 
run_48_repetition_18,TODO,orjson,loads,S2, , , , , , , , , , , 
run_10_repetition_2,TODO,json,dumps,S6, , , , , , , , , , , 
run_14_repetition_23,TODO,json,loads,R1, , , , , , , , , , , 
run_49_repetition_12,TODO,orjson,loads,S3, , , , , , , , , , , 
run_31_repetition_29,TODO,orjson,dumps,R4, , , , , , , , , , , 
run_37_repetition_7,TODO,orjson,dumps,S5, , , , , , , , , , , 
run_35_repetition_19,TODO,orjson,dumps,S3, , , , , , , , , , , 
run_26_repetition_3,TODO,json,loads,S8, , , , , , , , , , , 
run_17_repetition_12,TODO,json,loads,R4, , , , , , , , , , , 
run_54_repetition_14,TODO,orjson,loads,S8, , , , , , , , , , , 
run_2_repetition_12,TODO,json,dumps,R3, , , , , , , , , , , 
run_44_repetition_0,TODO,orjson,loads,R3, , , , , , , , , , , 
run_34_repetition_14,TODO,orjson,dumps,S2, , , , , , , , , , , 
run_37_repetition_14,TODO,orjson,dumps,S5, , , , , , , , , , , 
run_38_repetition_27,TODO,orjson,dumps,S6, , , , , , , , , , , 
run_41_repetition_10,TODO,orjson,dumps,S9, , , , , , , , , , , 
run_9_repetition_19,TODO,json,dumps,S5, , , , , , , , , , , 
run_28_repetition_4,TODO,orjson,dumps,R1, , , , , , , , , , , 
run_13_repetition_5,TODO,json,dumps,S9, , , , , , , , , , , 
run_53_repetition_24,TODO,orjson,loads,S7, , , , , , , , , , , 
run_31_repetition_8,TODO,orjson,dumps,R4, , , , , , , , , , , 
run_2_repetition_24,TODO,json,dumps,R3, , , , , , , , , , , 
run_17_repetition_5,TODO,json,loads,R4, , , , , , , , , , , 
run_18_repetition_27,TODO,json,loads,S0, , , , , , , , , , , 
run_35_repetition_24,TODO,orjson,dumps,S3, , , , , , , , , , , 
run_7_repetition_27,TODO,json,dumps,S3, , , , , , , , , , , 
run_39_repetition_11,TODO,orjson,dumps,S7, , , , , , , , , , , 
run_17_repetition_4,TODO,json,loads,R4, , , , , , , , , , , 
run_1_repetition_12,TODO,json,dumps,R2, , , , , , , , , , , 
run_44_repetition_9,TODO,orjson,loads,R3, , , , , , , , , , , 
run_43_repetition_15,TODO,orjson,loads,R2, , , , , , , , , , , 
run_37_repetition_4,TODO,orjson,dumps,S5, , , , , , , , , , , 
run_8_repetition_16,TODO,json,dumps,S4, , , , , , , , , , , 
run_37_repetition_26,TODO,orjson,dumps,S5, , , , , , , , , , , 
run_43_repetition_7,TODO,orjson,loads,R2, , , , , , , , , , , 
run_53_repetition_13,TODO,orjson,loads,S7, , , , , , , , , , , 
run_55_repetition_14,TODO,orjson,loads,S9, , , , , , , , , , , 
run_12_repetition_29,TODO,json,dumps,S8, , , , , , , , , , , 
run_41_repetition_12,TODO,orjson,dumps,S9, , , , , , , , , , , 
run_2_repetition_8,TODO,json,dumps,R3, , , , , , , , , , , 
run_52_repetition_16,TODO,orjson,loads,S6, , , , , , , , , , , 
run_6_repetition_26,TODO,json,dumps,S2, , , , , , , , , , , 
run_25_repetition_6,TODO,json,loads,S7, , , , , , , , , , , 
run_42_repetition_23,TODO,orjson,loads,R1, , , , , , , , , , , 
run_41_repetition_14,TODO,orjson,dumps,S9, , , , , , , , , , , 
run_2_repetition_18,TODO,json,dumps,R3, , , , , , , , , , , 
run_44_repetition_11,TODO,orjson,loads,R3, , , , , , , , , , , 
run_7_repetition_12,TODO,json,dumps,S3, , , , , , , , , , , 
run_28_repetition_18,TODO,orjson,dumps,R1, , , , , , , , , , , 
run_45_repetition_15,TODO,orjson,loads,R4, , , , , , , , , , , 
run_49_repetition_11,TODO,orjson,loads,S3, , , , , , , , , , , 
run_8_repetition_6,TODO,json,dumps,S4, , , , , , , , , , , 
run_14_repetition_8,TODO,json,loads,R1, , , , , , , , , , , 
run_28_repetition_22,TODO,orjson,dumps,R1, , , , , , , , , , , 
run_20_repetition_21,TODO,json,loads,S2, , , , , , , , , , , 
run_5_repetition_18,TODO,json,dumps,S1, , , , , , , , , , , 
run_11_repetition_3,TODO,json,dumps,S7, , , , , , , , , , , 
run_29_repetition_2,TODO,orjson,dumps,R2, , , , , , , , , , , 
run_1_repetition_3,TODO,json,dumps,R2, , , , , , , , , , , 
run_34_repetition_12,TODO,orjson,dumps,S2, , , , , , , , , , , 
run_16_repetition_23,TODO,json,loads,R3, , , , , , , , , , , 
run_6_repetition_13,TODO,json,dumps,S2, , , , , , , , , , , 
run_1_repetition_9,TODO,json,dumps,R2, , , , , , , , , , , 
run_54_repetition_18,TODO,orjson,loads,S8, , , , , , , , , , , 
run_45_repetition_26,TODO,orjson,loads,R4, , , , , , , , , , , 
run_13_repetition_18,TODO,json,dumps,S9, , , , , , , , , , , 
run_19_repetition_17,TODO,json,loads,S1, , , , , , , , , , , 
run_17_repetition_29,TODO,json,loads,R4, , , , , , , , , , , 
run_16_repetition_4,TODO,json,loads,R3, , , , , , , , , , , 
run_1_repetition_11,TODO,json,dumps,R2, , , , , , , , , , , 
run_33_repetition_9,TODO,orjson,dumps,S1, , , , , , , , , , , 
run_52_repetition_13,TODO,orjson,loads,S6, , , , , , , , , , , 
run_37_repetition_2,TODO,orjson,dumps,S5, , , , , , , , , , , 
run_51_repetition_3,TODO,orjson,loads,S5, , , , , , , , , , , 
run_15_repetition_21,TODO,json,loads,R2, , , , , , , , , , , 
run_52_repetition_11,TODO,orjson,loads,S6, , , , , , , , , , , 
run_44_repetition_23,TODO,orjson,loads,R3, , , , , , , , , , , 
run_35_repetition_4,TODO,orjson,dumps,S3, , , , , , , , , , , 
run_4_repetition_9,TODO,json,dumps,S0, , , , , , , , , , , 
run_37_repetition_25,TODO,orjson,dumps,S5, , , , , , , , , , , 
run_25_repetition_19,TODO,json,loads,S7, , , , , , , , , , , 
run_50_repetition_7,TODO,orjson,loads,S4, , , , , , , , , , , 
run_3_repetition_11,TODO,json,dumps,R4, , , , , , , , , , , 
run_25_repetition_13,TODO,json,loads,S7, , , , , , , , , , , 
run_21_repetition_26,TODO,json,loads,S3, , , , , , , , , , , 
run_27_repetition_21,TODO,json,loads,S9, , , , , , , , , , , 
run_4_repetition_0,TODO,json,dumps,S0, , , , , , , , , , , 
run_46_repetition_18,TODO,orjson,loads,S0, , , , , , , , , , , 
run_41_repetition_28,TODO,orjson,dumps,S9, , , , , , , , , , , 
run_9_repetition_23,TODO,json,dumps,S5, , , , , , , , , , , 
run_55_repetition_5,TODO,orjson,loads,S9, , , , , , , , , , , 
run_16_repetition_5,TODO,json,loads,R3, , , , , , , , , , , 
run_40_repetition_19,TODO,orjson,dumps,S8, , , , , , , , , , , 
run_48_repetition_29,TODO,orjson,loads,S2, , , , , , , , , , , 
run_50_repetition_21,TODO,orjson,loads,S4, , , , , , , , , , , 
run_4_repetition_1,TODO,json,dumps,S0, , , , , , , , , , , 
run_48_repetition_20,TODO,orjson,loads,S2, , , , , , , , , , , 
run_38_repetition_25,TODO,orjson,dumps,S6, , , , , , , , , , , 
run_36_repetition_19,TODO,orjson,dumps,S4, , , , , , , , , , , 
run_0_repetition_13,TODO,json,dumps,R1, , , , , , , , , , , 
run_25_repetition_15,TODO,json,loads,S7, , , , , , , , , , , 
run_31_repetition_17,TODO,orjson,dumps,R4, , , , , , , , , , , 
run_19_repetition_0,TODO,json,loads,S1, , , , , , , , , , , 
run_13_repetition_25,TODO,json,dumps,S9, , , , , , , , , , , 
run_11_repetition_14,TODO,json,dumps,S7, , , , , , , , , , , 
run_50_repetition_4,TODO,orjson,loads,S4, , , , , , , , , , , 
run_38_repetition_26,TODO,orjson,dumps,S6, , , , , , , , , , , 
run_24_repetition_10,TODO,json,loads,S6, , , , , , , , , , , 
run_2_repetition_22,TODO,json,dumps,R3, , , , , , , , , , , 
run_44_repetition_10,TODO,orjson,loads,R3, , , , , , , , , , , 
run_39_repetition_10,TODO,orjson,dumps,S7, , , , , , , , , , , 
run_35_repetition_22,TODO,orjson,dumps,S3, , , , , , , , , , , 
run_52_repetition_6,TODO,orjson,loads,S6, , , , , , , , , , , 
run_29_repetition_1,TODO,orjson,dumps,R2, , , , , , , , , , , 
run_19_repetition_11,TODO,json,loads,S1, , , , , , , , , , , 
run_31_repetition_9,TODO,orjson,dumps,R4, , , , , , , , , , , 
run_42_repetition_29,TODO,orjson,loads,R1, , , , , , , , , , , 
run_11_repetition_12,TODO,json,dumps,S7, , , , , , , , , , , 
run_2_repetition_26,TODO,json,dumps,R3, , , , , , , , , , , 
run_10_repetition_5,TODO,json,dumps,S6, , , , , , , , , , , 
run_7_repetition_3,TODO,json,dumps,S3, , , , , , , , , , , 
run_46_repetition_3,TODO,orjson,loads,S0, , , , , , , , , , , 
run_36_repetition_21,TODO,orjson,dumps,S4, , , , , , , , , , , 
run_43_repetition_5,TODO,orjson,loads,R2, , , , , , , , , , , 
run_49_repetition_18,TODO,orjson,loads,S3, , , , , , , , , , , 
run_39_repetition_19,TODO,orjson,dumps,S7, , , , , , , , , , , 
run_51_repetition_13,TODO,orjson,loads,S5, , , , , , , , , , , 
run_21_repetition_14,TODO,json,loads,S3, , , , , , , , , , , 
run_43_repetition_26,TODO,orjson,loads,R2, , , , , , , , , , , 
run_14_repetition_24,TODO,json,loads,R1, , , , , , , , , , , 
run_12_repetition_11,TODO,json,dumps,S8, , , , , , , , , , , 
run_52_repetition_7,TODO,orjson,loads,S6, , , , , , , , , , , 
run_28_repetition_19,TODO,orjson,dumps,R1, , , , , , , , , , , 
run_37_repetition_0,TODO,orjson,dumps,S5, , , , , , , , , , , 
run_38_repetition_3,TODO,orjson,dumps,S6, , , , , , , , , , , 
run_4_repetition_25,TODO,json,dumps,S0, , , , , , , , , , , 
run_38_repetition_9,TODO,orjson,dumps,S6, , , , , , , , , , , 
run_42_repetition_26,TODO,orjson,loads,R1, , , , , , , , , , , 
run_35_repetition_13,TODO,orjson,dumps,S3, , , , , , , , , , , 
run_52_repetition_10,TODO,orjson,loads,S6, , , , , , , , , , , 
run_18_repetition_26,TODO,json,loads,S0, , , , , , , , , , , 
run_17_repetition_6,TODO,json,loads,R4, , , , , , , , , , , 
run_32_repetition_22,TODO,orjson,dumps,S0, , , , , , , , , , , 
run_52_repetition_14,TODO,orjson,loads,S6, , , , , , , , , , , 
run_20_repetition_28,TODO,json,loads,S2, , , , , , , , , , , 
run_29_repetition_22,TODO,orjson,dumps,R2, , , , , , , , , , , 
run_55_repetition_27,TODO,orjson,loads,S9, , , , , , , , , , , 
run_40_repetition_17,TODO,orjson,dumps,S8, , , , , , , , , , , 
run_34_repetition_5,TODO,orjson,dumps,S2, , , , , , , , , , , 
run_0_repetition_15,TODO,json,dumps,R1, , , , , , , , , , , 
run_44_repetition_5,TODO,orjson,loads,R3, , , , , , , , , , , 
run_48_repetition_6,TODO,orjson,loads,S2, , , , , , , , , , , 
run_23_repetition_11,TODO,json,loads,S5, , , , , , , , , , , 
run_51_repetition_26,TODO,orjson,loads,S5, , , , , , , , , , , 
run_18_repetition_17,TODO,json,loads,S0, , , , , , , , , , , 
run_3_repetition_20,TODO,json,dumps,R4, , , , , , , , , , , 
run_21_repetition_27,TODO,json,loads,S3, , , , , , , , , , , 
run_44_repetition_16,TODO,orjson,loads,R3, , , , , , , , , , , 
run_7_repetition_13,TODO,json,dumps,S3, , , , , , , , , , , 
run_39_repetition_13,TODO,orjson,dumps,S7, , , , , , , , , , , 
run_19_repetition_7,TODO,json,loads,S1, , , , , , , , , , , 
run_31_repetition_12,TODO,orjson,dumps,R4, , , , , , , , , , , 
run_4_repetition_10,TODO,json,dumps,S0, , , , , , , , , , , 
run_25_repetition_27,TODO,json,loads,S7, , , , , , , , , , , 
run_28_repetition_8,TODO,orjson,dumps,R1, , , , , , , , , , , 
run_35_repetition_27,TODO,orjson,dumps,S3, , , , , , , , , , , 
run_24_repetition_25,TODO,json,loads,S6, , , , , , , , , , , 
run_28_repetition_5,TODO,orjson,dumps,R1, , , , , , , , , , , 
run_33_repetition_18,TODO,orjson,dumps,S1, , , , , , , , , , , 
run_6_repetition_8,TODO,json,dumps,S2, , , , , , , , , , , 
run_7_repetition_2,TODO,json,dumps,S3, , , , , , , , , , , 
run_11_repetition_17,TODO,json,dumps,S7, , , , , , , , , , , 
run_49_repetition_8,TODO,orjson,loads,S3, , , , , , , , , , , 
run_25_repetition_29,TODO,json,loads,S7, , , , , , , , , , , 
run_3_repetition_2,TODO,json,dumps,R4, , , , , , , , , , , 
run_34_repetition_11,TODO,orjson,dumps,S2, , , , , , , , , , , 
run_4_repetition_28,TODO,json,dumps,S0, , , , , , , , , , , 
run_9_repetition_29,TODO,json,dumps,S5, , , , , , , , , , , 
run_39_repetition_9,TODO,orjson,dumps,S7, , , , , , , , , , , 
run_44_repetition_18,TODO,orjson,loads,R3, , , , , , , , , , , 
run_12_repetition_23,TODO,json,dumps,S8, , , , , , , , , , , 
run_12_repetition_20,TODO,json,dumps,S8, , , , , , , , , , , 
run_31_repetition_6,TODO,orjson,dumps,R4, , , , , , , , , , , 
run_8_repetition_29,TODO,json,dumps,S4, , , , , , , , , , , 
run_39_repetition_21,TODO,orjson,dumps,S7, , , , , , , , , , , 
run_3_repetition_5,TODO,json,dumps,R4, , , , , , , , , , , 
run_21_repetition_25,TODO,json,loads,S3, , , , , , , , , , , 
run_40_repetition_27,TODO,orjson,dumps,S8, , , , , , , , , , , 
run_17_repetition_26,TODO,json,loads,R4, , , , , , , , , , , 
run_49_repetition_27,TODO,orjson,loads,S3, , , , , , , , , , , 
run_15_repetition_23,TODO,json,loads,R2, , , , , , , , , , , 
run_41_repetition_23,TODO,orjson,dumps,S9, , , , , , , , , , , 
run_33_repetition_0,TODO,orjson,dumps,S1, , , , , , , , , , , 
run_14_repetition_25,TODO,json,loads,R1, , , , , , , , , , , 
run_19_repetition_8,TODO,json,loads,S1, , , , , , , , , , , 
run_22_repetition_5,TODO,json,loads,S4, , , , , , , , , , , 
run_18_repetition_9,TODO,json,loads,S0, , , , , , , , , , , 
run_28_repetition_14,TODO,orjson,dumps,R1, , , , , , , , , , , 
run_16_repetition_20,TODO,json,loads,R3, , , , , , , , , , , 
run_44_repetition_19,TODO,orjson,loads,R3, , , , , , , , , , , 
run_26_repetition_22,TODO,json,loads,S8, , , , , , , , , , , 
run_47_repetition_19,TODO,orjson,loads,S1, , , , , , , , , , , 
run_39_repetition_6,TODO,orjson,dumps,S7, , , , , , , , , , , 
run_32_repetition_4,TODO,orjson,dumps,S0, , , , , , , , , , , 
run_1_repetition_8,TODO,json,dumps,R2, , , , , , , , , , , 
run_22_repetition_15,TODO,json,loads,S4, , , , , , , , , , , 
run_42_repetition_8,TODO,orjson,loads,R1, , , , , , , , , , , 
run_44_repetition_13,TODO,orjson,loads,R3, , , , , , , , , , , 
run_2_repetition_14,TODO,json,dumps,R3, , , , , , , , , , , 
run_10_repetition_15,TODO,json,dumps,S6, , , , , , , , , , , 
run_54_repetition_22,TODO,orjson,loads,S8, , , , , , , , , , , 
run_34_repetition_4,TODO,orjson,dumps,S2, , , , , , , , , , , 
run_8_repetition_21,TODO,json,dumps,S4, , , , , , , , , , , 
run_29_repetition_15,TODO,orjson,dumps,R2, , , , , , , , , , , 
run_2_repetition_1,TODO,json,dumps,R3, , , , , , , , , , , 
run_2_repetition_11,TODO,json,dumps,R3, , , , , , , , , , , 
run_46_repetition_21,TODO,orjson,loads,S0, , , , , , , , , , , 
run_53_repetition_12,TODO,orjson,loads,S7, , , , , , , , , , , 
run_37_repetition_27,TODO,orjson,dumps,S5, , , , , , , , , , , 
run_33_repetition_4,TODO,orjson,dumps,S1, , , , , , , , , , , 
run_20_repetition_1,TODO,json,loads,S2, , , , , , , , , , , 
run_18_repetition_4,TODO,json,loads,S0, , , , , , , , , , , 
run_22_repetition_23,TODO,json,loads,S4, , , , , , , , , , , 
run_52_repetition_5,TODO,orjson,loads,S6, , , , , , , , , , , 
run_6_repetition_4,TODO,json,dumps,S2, , , , , , , , , , , 
run_2_repetition_2,TODO,json,dumps,R3, , , , , , , , , , , 
run_28_repetition_20,TODO,orjson,dumps,R1, , , , , , , , , , , 
run_12_repetition_7,TODO,json,dumps,S8, , , , , , , , , , , 
run_29_repetition_12,TODO,orjson,dumps,R2, , , , , , , , , , , 
run_46_repetition_19,TODO,orjson,loads,S0, , , , , , , , , , , 
run_10_repetition_25,TODO,json,dumps,S6, , , , , , , , , , , 
run_44_repetition_28,TODO,orjson,loads,R3, , , , , , , , , , , 
run_37_repetition_11,TODO,orjson,dumps,S5, , , , , , , , , , , 
run_13_repetition_15,TODO,json,dumps,S9, , , , , , , , , , , 
run_48_repetition_10,TODO,orjson,loads,S2, , , , , , , , , , , 
run_26_repetition_4,TODO,json,loads,S8, , , , , , , , , , , 
run_33_repetition_10,TODO,orjson,dumps,S1, , , , , , , , , , , 
run_23_repetition_24,TODO,json,loads,S5, , , , , , , , , , , 
run_16_repetition_10,TODO,json,loads,R3, , , , , , , , , , , 
run_48_repetition_0,TODO,orjson,loads,S2, , , , , , , , , , , 
run_54_repetition_15,TODO,orjson,loads,S8, , , , , , , , , , , 
run_6_repetition_2,TODO,json,dumps,S2, , , , , , , , , , , 
run_48_repetition_23,TODO,orjson,loads,S2, , , , , , , , , , , 
run_37_repetition_10,TODO,orjson,dumps,S5, , , , , , , , , , , 
run_12_repetition_14,TODO,json,dumps,S8, , , , , , , , , , , 
run_18_repetition_29,TODO,json,loads,S0, , , , , , , , , , , 
run_18_repetition_18,TODO,json,loads,S0, , , , , , , , , , , 
run_38_repetition_13,TODO,orjson,dumps,S6, , , , , , , , , , , 
run_20_repetition_4,TODO,json,loads,S2, , , , , , , , , , , 
run_32_repetition_15,TODO,orjson,dumps,S0, , , , , , , , , , , 
run_51_repetition_16,TODO,orjson,loads,S5, , , , , , , , , , , 
run_40_repetition_21,TODO,orjson,dumps,S8, , , , , , , , , , , 
run_49_repetition_7,TODO,orjson,loads,S3, , , , , , , , , , , 
run_12_repetition_22,TODO,json,dumps,S8, , , , , , , , , , , 
run_31_repetition_11,TODO,orjson,dumps,R4, , , , , , , , , , , 
run_43_repetition_14,TODO,orjson,loads,R2, , , , , , , , , , , 
run_21_repetition_1,TODO,json,loads,S3, , , , , , , , , , , 
run_27_repetition_22,TODO,json,loads,S9, , , , , , , , , , , 
run_49_repetition_22,TODO,orjson,loads,S3, , , , , , , , , , , 
run_11_repetition_22,TODO,json,dumps,S7, , , , , , , , , , , 
run_37_repetition_16,TODO,orjson,dumps,S5, , , , , , , , , , , 
run_29_repetition_11,TODO,orjson,dumps,R2, , , , , , , , , , , 
run_45_repetition_12,TODO,orjson,loads,R4, , , , , , , , , , , 
run_4_repetition_21,TODO,json,dumps,S0, , , , , , , , , , , 
run_29_repetition_20,TODO,orjson,dumps,R2, , , , , , , , , , , 
run_24_repetition_3,TODO,json,loads,S6, , , , , , , , , , , 
run_27_repetition_4,TODO,json,loads,S9, , , , , , , , , , , 
run_18_repetition_11,TODO,json,loads,S0, , , , , , , , , , , 
run_47_repetition_0,TODO,orjson,loads,S1, , , , , , , , , , , 
run_33_repetition_8,TODO,orjson,dumps,S1, , , , , , , , , , , 
run_53_repetition_23,TODO,orjson,loads,S7, , , , , , , , , , , 
run_5_repetition_2,TODO,json,dumps,S1, , , , , , , , , , , 
run_31_repetition_0,TODO,orjson,dumps,R4, , , , , , , , , , , 
run_52_repetition_24,TODO,orjson,loads,S6, , , , , , , , , , , 
run_22_repetition_9,TODO,json,loads,S4, , , , , , , , , , , 
run_10_repetition_26,TODO,json,dumps,S6, , , , , , , , , , , 
run_4_repetition_26,TODO,json,dumps,S0, , , , , , , , , , , 
run_16_repetition_2,TODO,json,loads,R3, , , , , , , , , , , 
run_20_repetition_9,TODO,json,loads,S2, , , , , , , , , , , 
run_30_repetition_9,TODO,orjson,dumps,R3, , , , , , , , , , , 
run_50_repetition_5,TODO,orjson,loads,S4, , , , , , , , , , , 
run_28_repetition_11,TODO,orjson,dumps,R1, , , , , , , , , , , 
run_36_repetition_10,TODO,orjson,dumps,S4, , , , , , , , , , , 
run_18_repetition_2,TODO,json,loads,S0, , , , , , , , , , , 
run_10_repetition_29,TODO,json,dumps,S6, , , , , , , , , , , 
run_6_repetition_10,TODO,json,dumps,S2, , , , , , , , , , , 
run_26_repetition_11,TODO,json,loads,S8, , , , , , , , , , , 
run_39_repetition_28,TODO,orjson,dumps,S7, , , , , , , , , , , 
run_50_repetition_23,TODO,orjson,loads,S4, , , , , , , , , , , 
run_2_repetition_23,TODO,json,dumps,R3, , , , , , , , , , , 
run_24_repetition_24,TODO,json,loads,S6, , , , , , , , , , , 
run_43_repetition_6,TODO,orjson,loads,R2, , , , , , , , , , , 
run_1_repetition_13,TODO,json,dumps,R2, , , , , , , , , , , 
run_11_repetition_2,TODO,json,dumps,S7, , , , , , , , , , , 
run_3_repetition_26,TODO,json,dumps,R4, , , , , , , , , , , 
run_14_repetition_6,TODO,json,loads,R1, , , , , , , , , , , 
run_53_repetition_15,TODO,orjson,loads,S7, , , , , , , , , , , 
run_4_repetition_27,TODO,json,dumps,S0, , , , , , , , , , , 
run_36_repetition_9,TODO,orjson,dumps,S4, , , , , , , , , , , 
run_39_repetition_3,TODO,orjson,dumps,S7, , , , , , , , , , , 
run_47_repetition_4,TODO,orjson,loads,S1, , , , , , , , , , , 
run_8_repetition_24,TODO,json,dumps,S4, , , , , , , , , , , 
run_41_repetition_26,TODO,orjson,dumps,S9, , , , , , , , , , , 
run_32_repetition_20,TODO,orjson,dumps,S0, , , , , , , , , , , 
run_43_repetition_10,TODO,orjson,loads,R2, , , , , , , , , , , 
run_47_repetition_20,TODO,orjson,loads,S1, , , , , , , , , , , 
run_47_repetition_7,TODO,orjson,loads,S1, , , , , , , , , , , 
run_43_repetition_20,TODO,orjson,loads,R2, , , , , , , , , , , 
run_18_repetition_20,TODO,json,loads,S0, , , , , , , , , , , 
run_14_repetition_10,TODO,json,loads,R1, , , , , , , , , , , 
run_44_repetition_26,TODO,orjson,loads,R3, , , , , , , , , , , 
run_0_repetition_4,TODO,json,dumps,R1, , , , , , , , , , , 
run_51_repetition_7,TODO,orjson,loads,S5, , , , , , , , , , , 
run_38_repetition_19,TODO,orjson,dumps,S6, , , , , , , , , , , 
run_43_repetition_29,TODO,orjson,loads,R2, , , , , , , , , , , 
run_30_repetition_20,TODO,orjson,dumps,R3, , , , , , , , , , , 
run_18_repetition_24,TODO,json,loads,S0, , , , , , , , , , , 
run_41_repetition_5,TODO,orjson,dumps,S9, , , , , , , , , , , 
run_48_repetition_12,TODO,orjson,loads,S2, , , , , , , , , , , 
run_55_repetition_0,TODO,orjson,loads,S9, , , , , , , , , , , 
run_37_repetition_6,TODO,orjson,dumps,S5, , , , , , , , , , , 
run_52_repetition_19,TODO,orjson,loads,S6, , , , , , , , , , , 
run_51_repetition_14,TODO,orjson,loads,S5, , , , , , , , , , , 
run_4_repetition_12,TODO,json,dumps,S0, , , , , , , , , , , 
run_8_repetition_25,TODO,json,dumps,S4, , , , , , , , , , , 
run_34_repetition_16,TODO,orjson,dumps,S2, , , , , , , , , , , 
run_22_repetition_3,TODO,json,loads,S4, , , , , , , , , , , 
run_36_repetition_26,TODO,orjson,dumps,S4, , , , , , , , , , , 
run_25_repetition_8,TODO,json,loads,S7, , , , , , , , , , , 
run_46_repetition_7,TODO,orjson,loads,S0, , , , , , , , , , , 
run_25_repetition_3,TODO,json,loads,S7, , , , , , , , , , , 
run_0_repetition_10,TODO,json,dumps,R1, , , , , , , , , , , 
run_34_repetition_28,TODO,orjson,dumps,S2, , , , , , , , , , , 
run_15_repetition_19,TODO,json,loads,R2, , , , , , , , , , , 
run_21_repetition_4,TODO,json,loads,S3, , , , , , , , , , , 
run_14_repetition_16,TODO,json,loads,R1, , , , , , , , , , , 
run_12_repetition_28,TODO,json,dumps,S8, , , , , , , , , , , 
run_55_repetition_18,TODO,orjson,loads,S9, , , , , , , , , , , 
run_44_repetition_25,TODO,orjson,loads,R3, , , , , , , , , , , 
run_26_repetition_6,TODO,json,loads,S8, , , , , , , , , , , 
run_5_repetition_17,TODO,json,dumps,S1, , , , , , , , , , , 
run_4_repetition_29,TODO,json,dumps,S0, , , , , , , , , , , 
run_11_repetition_15,TODO,json,dumps,S7, , , , , , , , , , , 
run_42_repetition_25,TODO,orjson,loads,R1, , , , , , , , , , , 
run_54_repetition_16,TODO,orjson,loads,S8, , , , , , , , , , , 
run_35_repetition_9,TODO,orjson,dumps,S3, , , , , , , , , , , 
run_21_repetition_6,TODO,json,loads,S3, , , , , , , , , , , 
run_32_repetition_12,TODO,orjson,dumps,S0, , , , , , , , , , , 
run_47_repetition_6,TODO,orjson,loads,S1, , , , , , , , , , , 
run_8_repetition_11,TODO,json,dumps,S4, , , , , , , , , , , 
run_0_repetition_14,TODO,json,dumps,R1, , , , , , , , , , , 
run_49_repetition_2,TODO,orjson,loads,S3, , , , , , , , , , , 
run_8_repetition_15,TODO,json,dumps,S4, , , , , , , , , , , 
run_27_repetition_19,TODO,json,loads,S9, , , , , , , , , , , 
run_12_repetition_27,TODO,json,dumps,S8, , , , , , , , , , , 
run_54_repetition_9,TODO,orjson,loads,S8, , , , , , , , , , , 
run_14_repetition_14,TODO,json,loads,R1, , , , , , , , , , , 
run_44_repetition_6,TODO,orjson,loads,R3, , , , , , , , , , , 
run_10_repetition_24,TODO,json,dumps,S6, , , , , , , , , , , 
run_48_repetition_5,TODO,orjson,loads,S2, , , , , , , , , , , 
run_2_repetition_5,TODO,json,dumps,R3, , , , , , , , , , , 
run_50_repetition_18,TODO,orjson,loads,S4, , , , , , , , , , , 
run_55_repetition_7,TODO,orjson,loads,S9, , , , , , , , , , , 
run_21_repetition_19,TODO,json,loads,S3, , , , , , , , , , , 
run_34_repetition_23,TODO,orjson,dumps,S2, , , , , , , , , , , 
run_23_repetition_28,TODO,json,loads,S5, , , , , , , , , , , 
run_41_repetition_0,TODO,orjson,dumps,S9, , , , , , , , , , , 
run_27_repetition_25,TODO,json,loads,S9, , , , , , , , , , , 
run_38_repetition_17,TODO,orjson,dumps,S6, , , , , , , , , , , 
run_50_repetition_6,TODO,orjson,loads,S4, , , , , , , , , , , 
run_24_repetition_23,TODO,json,loads,S6, , , , , , , , , , , 
run_29_repetition_16,TODO,orjson,dumps,R2, , , , , , , , , , , 
run_42_repetition_1,TODO,orjson,loads,R1, , , , , , , , , , , 
run_51_repetition_19,TODO,orjson,loads,S5, , , , , , , , , , , 
run_39_repetition_23,TODO,orjson,dumps,S7, , , , , , , , , , , 
run_36_repetition_1,TODO,orjson,dumps,S4, , , , , , , , , , , 
run_19_repetition_6,TODO,json,loads,S1, , , , , , , , , , , 
run_51_repetition_29,TODO,orjson,loads,S5, , , , , , , , , , , 
run_8_repetition_7,TODO,json,dumps,S4, , , , , , , , , , , 
run_13_repetition_1,TODO,json,dumps,S9, , , , , , , , , , , 
run_33_repetition_14,TODO,orjson,dumps,S1, , , , , , , , , , , 
run_0_repetition_20,TODO,json,dumps,R1, , , , , , , , , , , 
run_30_repetition_2,TODO,orjson,dumps,R3, , , , , , , , , , , 
run_45_repetition_24,TODO,orjson,loads,R4, , , , , , , , , , , 
run_29_repetition_8,TODO,orjson,dumps,R2, , , , , , , , , , , 
run_49_repetition_21,TODO,orjson,loads,S3, , , , , , , , , , , 
run_43_repetition_16,TODO,orjson,loads,R2, , , , , , , , , , , 
run_16_repetition_12,TODO,json,loads,R3, , , , , , , , , , , 
run_44_repetition_22,TODO,orjson,loads,R3, , , , , , , , , , , 
run_48_repetition_15,TODO,orjson,loads,S2, , , , , , , , , , , 
run_31_repetition_7,TODO,orjson,dumps,R4, , , , , , , , , , , 
run_0_repetition_19,TODO,json,dumps,R1, , , , , , , , , , , 
run_34_repetition_21,TODO,orjson,dumps,S2, , , , , , , , , , , 
run_35_repetition_5,TODO,orjson,dumps,S3, , , , , , , , , , , 
run_13_repetition_6,TODO,json,dumps,S9, , , , , , , , , , , 
run_34_repetition_22,TODO,orjson,dumps,S2, , , , , , , , , , , 
run_50_repetition_20,TODO,orjson,loads,S4, , , , , , , , , , , 
run_30_repetition_27,TODO,orjson,dumps,R3, , , , , , , , , , , 
run_11_repetition_18,TODO,json,dumps,S7, , , , , , , , , , , 
run_24_repetition_4,TODO,json,loads,S6, , , , , , , , , , , 
run_51_repetition_11,TODO,orjson,loads,S5, , , , , , , , , , , 
run_25_repetition_16,TODO,json,loads,S7, , , , , , , , , , , 
run_5_repetition_11,TODO,json,dumps,S1, , , , , , , , , , , 
run_54_repetition_24,TODO,orjson,loads,S8, , , , , , , , , , , 
run_55_repetition_11,TODO,orjson,loads,S9, , , , , , , , , , , 
run_22_repetition_17,TODO,json,loads,S4, , , , , , , , , , , 
run_37_repetition_18,TODO,orjson,dumps,S5, , , , , , , , , , , 
run_52_repetition_25,TODO,orjson,loads,S6, , , , , , , , , , , 
run_52_repetition_0,TODO,orjson,loads,S6, , , , , , , , , , , 
run_51_repetition_12,TODO,orjson,loads,S5, , , , , , , , , , , 
run_35_repetition_23,TODO,orjson,dumps,S3, , , , , , , , , , , 
run_38_repetition_12,TODO,orjson,dumps,S6, , , , , , , , , , , 
run_49_repetition_1,TODO,orjson,loads,S3, , , , , , , , , , , 
run_38_repetition_2,TODO,orjson,dumps,S6, , , , , , , , , , , 
run_13_repetition_14,TODO,json,dumps,S9, , , , , , , , , , , 
run_49_repetition_3,TODO,orjson,loads,S3, , , , , , , , , , , 
run_55_repetition_26,TODO,orjson,loads,S9, , , , , , , , , , , 
run_15_repetition_29,TODO,json,loads,R2, , , , , , , , , , , 
run_10_repetition_7,TODO,json,dumps,S6, , , , , , , , , , , 
run_1_repetition_19,TODO,json,dumps,R2, , , , , , , , , , , 
run_24_repetition_5,TODO,json,loads,S6, , , , , , , , , , , 
run_15_repetition_14,TODO,json,loads,R2, , , , , , , , , , , 
run_3_repetition_15,TODO,json,dumps,R4, , , , , , , , , , , 
run_31_repetition_18,TODO,orjson,dumps,R4, , , , , , , , , , , 
run_10_repetition_11,TODO,json,dumps,S6, , , , , , , , , , , 
run_24_repetition_21,TODO,json,loads,S6, , , , , , , , , , , 
run_53_repetition_4,TODO,orjson,loads,S7, , , , , , , , , , , 
run_47_repetition_5,TODO,orjson,loads,S1, , , , , , , , , , , 
run_41_repetition_29,TODO,orjson,dumps,S9, , , , , , , , , , , 
run_15_repetition_15,TODO,json,loads,R2, , , , , , , , , , , 
run_4_repetition_3,TODO,json,dumps,S0, , , , , , , , , , , 
run_35_repetition_10,TODO,orjson,dumps,S3, , , , , , , , , , , 
run_25_repetition_18,TODO,json,loads,S7, , , , , , , , , , , 
run_32_repetition_27,TODO,orjson,dumps,S0, , , , , , , , , , , 
run_48_repetition_21,TODO,orjson,loads,S2, , , , , , , , , , , 
run_44_repetition_4,TODO,orjson,loads,R3, , , , , , , , , , , 
run_28_repetition_21,TODO,orjson,dumps,R1, , , , , , , , , , , 
run_16_repetition_17,TODO,json,loads,R3, , , , , , , , , , , 
run_8_repetition_8,TODO,json,dumps,S4, , , , , , , , , , , 
run_3_repetition_28,TODO,json,dumps,R4, , , , , , , , , , , 
run_52_repetition_4,TODO,orjson,loads,S6, , , , , , , , , , , 
run_19_repetition_26,TODO,json,loads,S1, , , , , , , , , , , 
run_12_repetition_25,TODO,json,dumps,S8, , , , , , , , , , , 
run_55_repetition_17,TODO,orjson,loads,S9, , , , , , , , , , , 
run_0_repetition_21,TODO,json,dumps,R1, , , , , , , , , , , 
run_18_repetition_21,TODO,json,loads,S0, , , , , , , , , , , 
run_17_repetition_24,TODO,json,loads,R4, , , , , , , , , , , 
run_25_repetition_11,TODO,json,loads,S7, , , , , , , , , , , 
run_10_repetition_0,TODO,json,dumps,S6, , , , , , , , , , , 
run_36_repetition_5,TODO,orjson,dumps,S4, , , , , , , , , , , 
run_3_repetition_13,TODO,json,dumps,R4, , , , , , , , , , , 
run_13_repetition_23,TODO,json,dumps,S9, , , , , , , , , , , 
run_25_repetition_24,TODO,json,loads,S7, , , , , , , , , , , 
run_45_repetition_9,TODO,orjson,loads,R4, , , , , , , , , , , 
run_50_repetition_26,TODO,orjson,loads,S4, , , , , , , , , , , 
run_35_repetition_1,TODO,orjson,dumps,S3, , , , , , , , , , , 
run_39_repetition_22,TODO,orjson,dumps,S7, , , , , , , , , , , 
run_23_repetition_4,TODO,json,loads,S5, , , , , , , , , , , 
run_3_repetition_9,TODO,json,dumps,R4, , , , , , , , , , , 
run_15_repetition_7,TODO,json,loads,R2, , , , , , , , , , , 
run_17_repetition_22,TODO,json,loads,R4, , , , , , , , , , , 
run_2_repetition_3,TODO,json,dumps,R3, , , , , , , , , , , 
run_55_repetition_19,TODO,orjson,loads,S9, , , , , , , , , , , 
run_13_repetition_21,TODO,json,dumps,S9, , , , , , , , , , , 
run_28_repetition_16,TODO,orjson,dumps,R1, , , , , , , , , , , 
run_0_repetition_0,TODO,json,dumps,R1, , , , , , , , , , , 
run_20_repetition_3,TODO,json,loads,S2, , , , , , , , , , , 
run_28_repetition_0,TODO,orjson,dumps,R1, , , , , , , , , , , 
run_26_repetition_29,TODO,json,loads,S8, , , , , , , , , , , 
run_19_repetition_5,TODO,json,loads,S1, , , , , , , , , , , 
run_2_repetition_15,TODO,json,dumps,R3, , , , , , , , , , , 
run_6_repetition_7,TODO,json,dumps,S2, , , , , , , , , , , 
run_29_repetition_3,TODO,orjson,dumps,R2, , , , , , , , , , , 
run_30_repetition_13,TODO,orjson,dumps,R3, , , , , , , , , , , 
run_42_repetition_28,TODO,orjson,loads,R1, , , , , , , , , , , 
run_41_repetition_9,TODO,orjson,dumps,S9, , , , , , , , , , , 
run_40_repetition_23,TODO,orjson,dumps,S8, , , , , , , , , , , 
run_19_repetition_2,TODO,json,loads,S1, , , , , , , , , , , 
run_30_repetition_28,TODO,orjson,dumps,R3, , , , , , , , , , , 
run_34_repetition_26,TODO,orjson,dumps,S2, , , , , , , , , , , 
run_40_repetition_28,TODO,orjson,dumps,S8, , , , , , , , , , , 
run_38_repetition_6,TODO,orjson,dumps,S6, , , , , , , , , , , 
run_31_repetition_16,TODO,orjson,dumps,R4, , , , , , , , , , , 
run_26_repetition_9,TODO,json,loads,S8, , , , , , , , , , , 
run_47_repetition_18,TODO,orjson,loads,S1, , , , , , , , , , , 
run_55_repetition_28,TODO,orjson,loads,S9, , , , , , , , , , , 
run_11_repetition_25,TODO,json,dumps,S7, , , , , , , , , , , 
run_1_repetition_16,TODO,json,dumps,R2, , , , , , , , , , , 
run_33_repetition_3,TODO,orjson,dumps,S1, , , , , , , , , , , 
run_41_repetition_16,TODO,orjson,dumps,S9, , , , , , , , , , , 
run_32_repetition_11,TODO,orjson,dumps,S0, , , , , , , , , , , 
run_34_repetition_10,TODO,orjson,dumps,S2, , , , , , , , , , , 
run_12_repetition_1,TODO,json,dumps,S8, , , , , , , , , , , 
run_15_repetition_24,TODO,json,loads,R2, , , , , , , , , , , 
run_22_repetition_20,TODO,json,loads,S4, , , , , , , , , , , 
run_49_repetition_15,TODO,orjson,loads,S3, , , , , , , , , , , 
run_10_repetition_18,TODO,json,dumps,S6, , , , , , , , , , , 
run_39_repetition_18,TODO,orjson,dumps,S7, , , , , , , , , , , 
run_3_repetition_17,TODO,json,dumps,R4, , , , , , , , , , , 
run_42_repetition_17,TODO,orjson,loads,R1, , , , , , , , , , , 
run_18_repetition_25,TODO,json,loads,S0, , , , , , , , , , , 
run_28_repetition_9,TODO,orjson,dumps,R1, , , , , , , , , , , 
run_17_repetition_7,TODO,json,loads,R4, , , , , , , , , , , 
run_9_repetition_13,TODO,json,dumps,S5, , , , , , , , , , , 
run_50_repetition_17,TODO,orjson,loads,S4, , , , , , , , , , , 
run_6_repetition_19,TODO,json,dumps,S2, , , , , , , , , , , 
run_42_repetition_16,TODO,orjson,loads,R1, , , , , , , , , , , 
run_47_repetition_21,TODO,orjson,loads,S1, , , , , , , , , , , 
run_54_repetition_23,TODO,orjson,loads,S8, , , , , , , , , , , 
run_26_repetition_5,TODO,json,loads,S8, , , , , , , , , , , 
run_11_repetition_1,TODO,json,dumps,S7, , , , , , , , , , , 
run_18_repetition_0,TODO,json,loads,S0, , , , , , , , , , , 
run_46_repetition_9,TODO,orjson,loads,S0, , , , , , , , , , , 
run_42_repetition_10,TODO,orjson,loads,R1, , , , , , , , , , , 
run_22_repetition_7,TODO,json,loads,S4, , , , , , , , , , , 
run_46_repetition_15,TODO,orjson,loads,S0, , , , , , , , , , , 
run_24_repetition_28,TODO,json,loads,S6, , , , , , , , , , , 
run_28_repetition_17,TODO,orjson,dumps,R1, , , , , , , , , , , 
run_30_repetition_25,TODO,orjson,dumps,R3, , , , , , , , , , , 
run_19_repetition_18,TODO,json,loads,S1, , , , , , , , , , , 
run_36_repetition_23,TODO,orjson,dumps,S4, , , , , , , , , , , 
run_2_repetition_20,TODO,json,dumps,R3, , , , , , , , , , , 
run_14_repetition_11,TODO,json,loads,R1, , , , , , , , , , , 
run_27_repetition_24,TODO,json,loads,S9, , , , , , , , , , , 
run_39_repetition_14,TODO,orjson,dumps,S7, , , , , , , , , , , 
run_26_repetition_20,TODO,json,loads,S8, , , , , , , , , , , 
run_10_repetition_9,TODO,json,dumps,S6, , , , , , , , , , , 
run_53_repetition_19,TODO,orjson,loads,S7, , , , , , , , , , , 
run_7_repetition_26,TODO,json,dumps,S3, , , , , , , , , , , 
run_9_repetition_17,TODO,json,dumps,S5, , , , , , , , , , , 
run_36_repetition_24,TODO,orjson,dumps,S4, , , , , , , , , , , 
run_39_repetition_16,TODO,orjson,dumps,S7, , , , , , , , , , , 
run_35_repetition_25,TODO,orjson,dumps,S3, , , , , , , , , , , 
run_51_repetition_22,TODO,orjson,loads,S5, , , , , , , , , , , 
run_25_repetition_4,TODO,json,loads,S7, , , , , , , , , , , 
run_20_repetition_8,TODO,json,loads,S2, , , , , , , , , , , 
run_35_repetition_17,TODO,orjson,dumps,S3, , , , , , , , , , , 
run_11_repetition_5,TODO,json,dumps,S7, , , , , , , , , , , 
run_10_repetition_17,TODO,json,dumps,S6, , , , , , , , , , , 
run_39_repetition_15,TODO,orjson,dumps,S7, , , , , , , , , , , 
run_42_repetition_22,TODO,orjson,loads,R1, , , , , , , , , , , 
run_13_repetition_26,TODO,json,dumps,S9, , , , , , , , , , , 
run_50_repetition_29,TODO,orjson,loads,S4, , , , , , , , , , , 
run_29_repetition_24,TODO,orjson,dumps,R2, , , , , , , , , , , 
run_7_repetition_19,TODO,json,dumps,S3, , , , , , , , , , , 
run_43_repetition_25,TODO,orjson,loads,R2, , , , , , , , , , , 
run_44_repetition_1,TODO,orjson,loads,R3, , , , , , , , , , , 
run_40_repetition_4,TODO,orjson,dumps,S8, , , , , , , , , , , 
run_0_repetition_28,TODO,json,dumps,R1, , , , , , , , , , , 
run_11_repetition_8,TODO,json,dumps,S7, , , , , , , , , , , 
run_2_repetition_21,TODO,json,dumps,R3, , , , , , , , , , , 
run_51_repetition_0,TODO,orjson,loads,S5, , , , , , , , , , , 
run_52_repetition_18,TODO,orjson,loads,S6, , , , , , , , , , , 
run_42_repetition_18,TODO,orjson,loads,R1, , , , , , , , , , , 
run_29_repetition_17,TODO,orjson,dumps,R2, , , , , , , , , , , 
run_35_repetition_20,TODO,orjson,dumps,S3, , , , , , , , , , , 
run_20_repetition_15,TODO,json,loads,S2, , , , , , , , , , , 
run_25_repetition_9,TODO,json,loads,S7, , , , , , , , , , , 
run_10_repetition_19,TODO,json,dumps,S6, , , , , , , , , , , 
run_31_repetition_14,TODO,orjson,dumps,R4, , , , , , , , , , , 
run_38_repetition_29,TODO,orjson,dumps,S6, , , , , , , , , , , 
run_53_repetition_21,TODO,orjson,loads,S7, , , , , , , , , , , 
run_24_repetition_27,TODO,json,loads,S6, , , , , , , , , , , 
run_29_repetition_18,TODO,orjson,dumps,R2, , , , , , , , , , , 
run_31_repetition_15,TODO,orjson,dumps,R4, , , , , , , , , , , 
run_14_repetition_4,TODO,json,loads,R1, , , , , , , , , , , 
run_12_repetition_18,TODO,json,dumps,S8, , , , , , , , , , , 
run_15_repetition_20,TODO,json,loads,R2, , , , , , , , , , , 
run_23_repetition_21,TODO,json,loads,S5, , , , , , , , , , , 
run_32_repetition_14,TODO,orjson,dumps,S0, , , , , , , , , , , 
run_17_repetition_3,TODO,json,loads,R4, , , , , , , , , , , 
run_24_repetition_15,TODO,json,loads,S6, , , , , , , , , , , 
run_48_repetition_16,TODO,orjson,loads,S2, , , , , , , , , , , 
run_16_repetition_13,TODO,json,loads,R3, , , , , , , , , , , 
run_27_repetition_13,TODO,json,loads,S9, , , , , , , , , , , 
run_55_repetition_25,TODO,orjson,loads,S9, , , , , , , , , , , 
run_50_repetition_0,TODO,orjson,loads,S4, , , , , , , , , , , 
run_16_repetition_11,TODO,json,loads,R3, , , , , , , , , , , 
run_6_repetition_21,TODO,json,dumps,S2, , , , , , , , , , , 
run_11_repetition_26,TODO,json,dumps,S7, , , , , , , , , , , 
run_41_repetition_25,TODO,orjson,dumps,S9, , , , , , , , , , , 
run_32_repetition_23,TODO,orjson,dumps,S0, , , , , , , , , , , 
run_8_repetition_5,TODO,json,dumps,S4, , , , , , , , , , , 
run_40_repetition_16,TODO,orjson,dumps,S8, , , , , , , , , , , 
run_29_repetition_10,TODO,orjson,dumps,R2, , , , , , , , , , , 
run_38_repetition_10,TODO,orjson,dumps,S6, , , , , , , , , , , 
run_37_repetition_19,TODO,orjson,dumps,S5, , , , , , , , , , , 
run_21_repetition_20,TODO,json,loads,S3, , , , , , , , , , , 
run_15_repetition_3,TODO,json,loads,R2, , , , , , , , , , , 
run_25_repetition_12,TODO,json,loads,S7, , , , , , , , , , , 
run_24_repetition_26,TODO,json,loads,S6, , , , , , , , , , , 
run_44_repetition_2,TODO,orjson,loads,R3, , , , , , , , , , , 
run_18_repetition_23,TODO,json,loads,S0, , , , , , , , , , , 
run_43_repetition_18,TODO,orjson,loads,R2, , , , , , , , , , , 
run_15_repetition_27,TODO,json,loads,R2, , , , , , , , , , , 
run_42_repetition_13,TODO,orjson,loads,R1, , , , , , , , , , , 
run_2_repetition_13,TODO,json,dumps,R3, , , , , , , , , , , 
run_40_repetition_12,TODO,orjson,dumps,S8, , , , , , , , , , , 
run_11_repetition_9,TODO,json,dumps,S7, , , , , , , , , , , 
run_29_repetition_14,TODO,orjson,dumps,R2, , , , , , , , , , , 
run_38_repetition_7,TODO,orjson,dumps,S6, , , , , , , , , , , 
run_27_repetition_11,TODO,json,loads,S9, , , , , , , , , , , 
run_47_repetition_24,TODO,orjson,loads,S1, , , , , , , , , , , 
run_52_repetition_17,TODO,orjson,loads,S6, , , , , , , , , , , 
run_3_repetition_25,TODO,json,dumps,R4, , , , , , , , , , , 
run_23_repetition_0,TODO,json,loads,S5, , , , , , , , , , , 
run_24_repetition_16,TODO,json,loads,S6, , , , , , , , , , , 
run_32_repetition_3,TODO,orjson,dumps,S0, , , , , , , , , , , 
run_28_repetition_10,TODO,orjson,dumps,R1, , , , , , , , , , , 
run_2_repetition_4,TODO,json,dumps,R3, , , , , , , , , , , 
run_53_repetition_2,TODO,orjson,loads,S7, , , , , , , , , , , 
run_25_repetition_22,TODO,json,loads,S7, , , , , , , , , , , 
run_5_repetition_0,TODO,json,dumps,S1, , , , , , , , , , , 
run_43_repetition_8,TODO,orjson,loads,R2, , , , , , , , , , , 
run_7_repetition_16,TODO,json,dumps,S3, , , , , , , , , , , 
run_25_repetition_21,TODO,json,loads,S7, , , , , , , , , , , 
run_15_repetition_28,TODO,json,loads,R2, , , , , , , , , , , 
run_26_repetition_27,TODO,json,loads,S8, , , , , , , , , , , 
run_53_repetition_17,TODO,orjson,loads,S7, , , , , , , , , , , 
run_5_repetition_28,TODO,json,dumps,S1, , , , , , , , , , , 
run_22_repetition_28,TODO,json,loads,S4, , , , , , , , , , , 
run_40_repetition_26,TODO,orjson,dumps,S8, , , , , , , , , , , 
run_1_repetition_20,TODO,json,dumps,R2, , , , , , , , , , , 
run_52_repetition_20,TODO,orjson,loads,S6, , , , , , , , , , , 
run_36_repetition_28,TODO,orjson,dumps,S4, , , , , , , , , , , 
run_21_repetition_15,TODO,json,loads,S3, , , , , , , , , , , 
run_19_repetition_20,TODO,json,loads,S1, , , , , , , , , , , 
run_40_repetition_22,TODO,orjson,dumps,S8, , , , , , , , , , , 
run_54_repetition_21,TODO,orjson,loads,S8, , , , , , , , , , , 
run_9_repetition_8,TODO,json,dumps,S5, , , , , , , , , , , 
run_42_repetition_3,TODO,orjson,loads,R1, , , , , , , , , , , 
run_37_repetition_23,TODO,orjson,dumps,S5, , , , , , , , , , , 
run_40_repetition_18,TODO,orjson,dumps,S8, , , , , , , , , , , 
run_21_repetition_18,TODO,json,loads,S3, , , , , , , , , , , 
run_38_repetition_11,TODO,orjson,dumps,S6, , , , , , , , , , , 
run_19_repetition_4,TODO,json,loads,S1, , , , , , , , , , , 
